8175	Un uomo in camicia bianca sta lavorando su una macchina.
22115	Un uomo in camicia bianca sta lavorando su una macchina.
2458	Un uomo in camicia bianca sta lavorando su una macchina.
9492	Un uomo in camicia bianca sta lavorando su una macchina.
17031	Un uomo in camicia bianca sta lavorando su una macchina.
21597	Un uomo in camicia bianca sta lavorando su una macchina.
8940	Un uomo in camicia bianca sta lavorando su una macchina.
10010	Un uomo in camicia bianca sta lavorando su una macchina.
9323	Un uomo in camicia bianca sta lavorando su una macchina.
29108	Un uomo in camicia bianca sta lavorando su una macchina.
28570	Un uomo in camicia bianca sta lavorando su una macchina.
8015	Un uomo con un cappello da cowboy sta guidando un cavallo.
661	Un uomo in camicia bianca sta lavorando su una macchina.
11124	Un uomo in camicia bianca sta lavorando su una macchina.
18666	Un uomo in camicia bianca sta lavorando su una macchina.
2909	Un uomo in camicia bianca sta lavorando su una macchina.
14048	Un uomo con un cappello da baseball sta lavorando ad un progetto di legno.
11656	Un uomo in camicia bianca sta lavorando su una macchina.
28955	Un uomo in camicia bianca sta lavorando su una macchina.
26039	Un uomo in camicia bianca sta lavorando su una macchina.
20448	Un uomo in camicia bianca sta lavorando su una macchina.
13916	Un uomo in camicia bianca sta lavorando su una macchina.
30665	Un uomo in camicia bianca sta lavorando su una macchina.
27457	Un uomo in camicia bianca sta lavorando su una macchina.
1594	Un uomo in camicia bianca sta lavorando su una macchina.
887	Un uomo in camicia bianca sta lavorando su una macchina.
12375	Un uomo in camicia bianca sta lavorando su una macchina.
26946	Un uomo in camicia bianca sta lavorando su una macchina.
18499	Un uomo in camicia bianca sta lavorando su una macchina.
2260	Un uomo in camicia bianca sta lavorando su una macchina.
27872	Un uomo in camicia bianca sta lavorando su una macchina.
14260	Un uomo in camicia bianca sta lavorando su una macchina.
97	Un uomo in camicia bianca sta lavorando su una macchina.
27682	Un uomo in camicia bianca sta lavorando su una macchina.
4981	Un uomo in camicia bianca sta lavorando su una macchina.
8611	Un uomo in camicia bianca sta lavorando su una macchina.
9241	Un uomo in camicia bianca sta lavorando su una macchina.
4942	Un uomo con un cappello da cowboy sta guidando un cavallo.
11278	Un uomo in camicia bianca sta lavorando su una macchina.
19624	Un uomo in camicia bianca sta lavorando su una macchina.
26615	Un uomo in camicia bianca sta lavorando su una macchina.
19354	Un uomo in camicia bianca sta lavorando su una macchina.
16715	Un uomo in camicia bianca sta lavorando su una macchina.
13650	Un uomo in camicia bianca sta lavorando su una macchina.
7912	Un uomo in camicia bianca sta lavorando su una macchina.
14117	Un uomo con un cappello da cowboy sta guidando un cavallo.
27250	Un uomo in camicia bianca sta lavorando su una macchina.
2103	Un uomo in camicia bianca sta lavorando su una macchina.
28605	Un uomo in camicia bianca sta lavorando su una macchina.
9042	Un uomo in camicia bianca sta lavorando su una macchina.
21635	Un uomo con un cappello da baseball sta lavorando ad un progetto di legno.
11906	Un uomo in camicia bianca sta lavorando su una macchina.
8412	Un uomo con un cappello da cowboy sta guidando un cavallo.
12994	Un uomo in camicia bianca sta lavorando su una macchina.
10629	Un uomo in camicia bianca sta lavorando su una macchina.
20932	Un uomo in camicia bianca sta lavorando su una macchina.
29916	Un uomo in camicia bianca sta lavorando su una macchina.
21423	Un uomo in camicia bianca sta lavorando su una macchina.
15792	Un uomo in camicia bianca sta lavorando su una macchina.
26370	Un uomo in camicia bianca sta lavorando su una macchina.
29043	Un uomo in camicia bianca sta lavorando su una macchina.
21580	Un uomo in camicia bianca sta lavorando su una macchina.
29862	Un uomo in camicia bianca sta lavorando su una macchina.
19037	Un uomo in camicia bianca sta lavorando su una macchina.
20891	Un uomo in camicia bianca sta lavorando su una macchina.
5240	Un uomo in camicia bianca sta lavorando su una macchina.
9308	Un uomo in camicia bianca sta lavorando su una macchina.
21219	Un uomo in camicia bianca sta lavorando su una macchina.
24836	Un uomo con un cappello da cowboy sta guidando un cavallo.
30843	Un uomo in camicia bianca sta lavorando su una macchina.
13724	Un uomo in camicia bianca sta lavorando su una macchina.
27495	Un uomo in camicia bianca sta lavorando su una macchina.
10239	Un uomo in camicia bianca sta lavorando su una macchina.
10577	Un uomo in camicia bianca sta lavorando su una macchina.
7682	Un uomo con un cappello da baseball sta lavorando ad un progetto di legno.
26984	Un uomo in camicia bianca sta lavorando su una macchina.
9888	Un uomo con un cappello da cowboy sta guidando un cavallo.
5724	Un uomo in camicia bianca sta lavorando su una macchina.
30664	Un uomo in camicia bianca sta lavorando su una macchina.
5056	Un uomo in camicia bianca sta lavorando su una macchina.
22258	Un uomo in camicia bianca sta lavorando su una macchina.
13085	Un uomo in camicia bianca sta lavorando su una macchina.
4402	Un uomo in camicia bianca sta lavorando su una macchina.
30674	Un uomo in camicia bianca sta lavorando su una macchina.
3437	Un uomo in camicia bianca sta lavorando su una macchina.
30660	Un uomo in camicia bianca sta lavorando su una macchina.
16880	Un uomo in camicia bianca sta lavorando su una macchina.
11137	Un uomo con un cappello da cowboy sta guidando un cavallo.
17208	Un uomo in camicia bianca sta lavorando su una macchina.
29480	Un uomo in camicia bianca sta lavorando su una macchina.
12402	Un uomo in camicia bianca sta lavorando su una macchina.
2265	Un uomo in camicia bianca sta lavorando su una macchina.
20103	Un uomo in camicia bianca sta lavorando su una macchina.
51	Un uomo in camicia bianca sta lavorando su una macchina.
17963	Un uomo in camicia bianca sta lavorando su una macchina.
17750	Un uomo in camicia bianca sta lavorando su una macchina.
19027	Un uomo con un cappello da cowboy sta guidando un cavallo.
27863	Un uomo in camicia bianca sta lavorando su una macchina.
12947	Un uomo con un cappello da cowboy sta guidando un cavallo.
25133	Un uomo con un cappello da cowboy sta guidando un cavallo.
4748	Un uomo in camicia bianca sta lavorando su una macchina.
5330	Un uomo in camicia bianca sta lavorando su una macchina.
3972	Un uomo in camicia bianca sta lavorando su una macchina.
22847	Un uomo con un cappello da cowboy sta guidando un cavallo.
19609	Un uomo con un cappello da baseball sta lavorando ad un progetto di legno.
8199	Un uomo in camicia bianca sta lavorando su una macchina.
17630	Un uomo in camicia bianca sta lavorando su una macchina.
29084	Un uomo in camicia bianca sta lavorando su una macchina.
27240	Un uomo in camicia bianca sta lavorando su una macchina.
4562	Un uomo in camicia bianca sta lavorando su una macchina.
2113	Un uomo in camicia bianca sta lavorando su una macchina.
8364	Un uomo con un cappello da cowboy sta guidando un cavallo.
22476	Un uomo in camicia bianca sta lavorando su una macchina.
20507	Un uomo in camicia bianca sta lavorando su una macchina.
25494	Un uomo in camicia bianca sta lavorando su una macchina.
5867	Un uomo in camicia bianca sta lavorando su una macchina.
15219	Un uomo in camicia bianca sta lavorando su una macchina.
28827	Un uomo con un cappello da cowboy sta guidando un cavallo.
16063	Un uomo in camicia bianca sta lavorando su una macchina.
15556	Un uomo in camicia bianca sta lavorando su una macchina.
16739	Un uomo in camicia bianca sta lavorando su una macchina.
29250	Un uomo in camicia bianca sta lavorando su una macchina.
22339	Un uomo in camicia bianca sta lavorando su una macchina.
2112	Un uomo con un cappello da baseball sta lavorando ad un progetto di legno.
25456	Un uomo in camicia bianca sta lavorando su una macchina.
20248	Un uomo in camicia bianca sta lavorando su una macchina.
539	Un uomo in camicia bianca sta lavorando su una macchina.
26407	Un uomo con un cappello da cowboy sta guidando un cavallo.
30503	Un uomo in camicia bianca sta lavorando su una macchina.
17194	Un uomo in camicia bianca sta lavorando su una macchina.
11283	Un uomo in camicia bianca sta lavorando su una macchina.
4007	Un uomo in camicia bianca sta lavorando su una macchina.
18310	Un uomo in camicia bianca sta lavorando su una macchina.
22098	Un uomo in camicia bianca sta lavorando su una macchina.
26598	Un uomo con un cappello da baseball sta lavorando ad un progetto di legno.
17037	Un uomo in camicia bianca sta lavorando su una macchina.
22067	Un uomo in camicia bianca sta lavorando su una macchina.
1023	Un uomo in camicia bianca sta lavorando su una macchina.
23345	Un uomo in camicia bianca sta lavorando su una macchina.
6002	Un uomo in camicia bianca sta lavorando su una macchina.
23351	Un uomo in camicia bianca sta lavorando su una macchina.
14072	Un uomo in camicia bianca sta lavorando su una macchina.
12417	Un uomo in camicia bianca sta lavorando su una macchina.
21778	Un uomo in camicia bianca sta lavorando su una macchina.
27321	Un uomo in camicia bianca sta lavorando su una macchina.
4367	Un uomo in camicia bianca sta lavorando su una macchina.
30893	Un uomo in camicia bianca sta lavorando su una macchina.
856	Un uomo in camicia bianca sta lavorando su una macchina.
30105	Un uomo in camicia bianca sta lavorando su una macchina.
8561	Un uomo in camicia bianca sta lavorando su una macchina.
30111	Un uomo in camicia bianca sta lavorando su una macchina.
20302	Un uomo in camicia bianca sta lavorando su una macchina.
26015	Un uomo con un cappello da cowboy sta guidando un cavallo.
21544	Un uomo con un cappello da cowboy sta guidando un cavallo.
8993	Un uomo in camicia bianca sta lavorando su una macchina.
21222	Un uomo in camicia bianca sta lavorando su una macchina.
18448	Un uomo in camicia bianca sta lavorando su una macchina.
27733	Un uomo in camicia bianca sta lavorando su una macchina.
26411	Un uomo in camicia bianca sta lavorando su una macchina.
26377	Un uomo in camicia bianca sta lavorando su una macchina.
5441	Un uomo in camicia bianca sta lavorando su una macchina.
5327	Un uomo in camicia bianca sta lavorando su una macchina.
21381	Un uomo in camicia bianca sta lavorando su una macchina.
1196	Un uomo in camicia bianca sta lavorando su una macchina.
29087	Un uomo in camicia bianca sta lavorando su una macchina.
29508	Un uomo in camicia bianca sta lavorando su una macchina.
6376	Un uomo con un cappello da baseball sta lavorando ad un progetto di legno.
30065	Un uomo in camicia bianca sta lavorando su una macchina.
1343	Un uomo con un cappello da cowboy sta guidando un cavallo.
16049	Un uomo in camicia bianca sta lavorando su una macchina.
28819	Un uomo in camicia bianca sta lavorando su una macchina.
2851	Un uomo in camicia bianca sta lavorando su una macchina.
10376	Un uomo con un cappello da baseball sta lavorando ad un progetto di legno.
19435	Un uomo in camicia bianca sta lavorando su una macchina.
23965	Un uomo in camicia bianca sta lavorando su una macchina.
12212	Un uomo con un cappello da cowboy sta guidando un cavallo.
9911	Un uomo con un cappello da baseball sta lavorando ad un progetto di legno.
16048	Un uomo in camicia bianca sta lavorando su una macchina.
11914	Un uomo in camicia bianca sta lavorando su una macchina.
26160	Un uomo in camicia bianca sta lavorando su una macchina.
24777	Un uomo in camicia bianca sta lavorando su una macchina.
2139	Un uomo in camicia bianca sta lavorando su una macchina.
19384	Un uomo in camicia bianca sta lavorando su una macchina.
23756	Un uomo in camicia bianca sta lavorando su una macchina.
9736	Un uomo in camicia bianca sta lavorando su una macchina.
9285	Un uomo con un cappello da cowboy sta guidando un cavallo.
20934	Un uomo in camicia bianca sta lavorando su una macchina.
8831	Un uomo in camicia bianca sta lavorando su una macchina.
19838	Un uomo con un cappello da baseball sta lavorando ad un progetto di legno.
22886	Un uomo in camicia bianca sta lavorando su una macchina.
27726	Un uomo in camicia bianca sta lavorando su una macchina.
22892	Un uomo in camicia bianca sta lavorando su una macchina.
7492	Un uomo con un cappello da cowboy sta guidando un cavallo.
16458	Un uomo in camicia bianca sta lavorando su una macchina.
472	Un uomo in camicia bianca sta lavorando su una macchina.
8776	Un uomo in camicia bianca sta lavorando su una macchina.
15186	Un uomo in camicia bianca sta lavorando su una macchina.
23346	Un uomo in camicia bianca sta lavorando su una macchina.
26969	Un uomo in camicia bianca sta lavorando su una macchina.
12366	Un uomo in camicia bianca sta lavorando su una macchina.
19555	Un uomo in camicia bianca sta lavorando su una macchina.
28978	Un uomo con un cappello da cowboy sta guidando un cavallo.
670	Un uomo in camicia bianca sta lavorando su una macchina.
7874	Un uomo in camicia bianca sta lavorando su una macchina.
28005	Un uomo in camicia bianca sta lavorando su una macchina.
20459	Un uomo in camicia bianca sta lavorando su una macchina.
23144	Un uomo con un cappello da baseball sta lavorando ad un progetto di legno.
26982	Un uomo in camicia bianca sta lavorando su una macchina.
29354	Un uomo in camicia bianca sta lavorando su una macchina.
6258	Un uomo in camicia bianca sta lavorando su una macchina.
5989	Un uomo in camicia bianca sta lavorando su una macchina.
28923	Un uomo con un cappello da baseball sta lavorando ad un progetto di legno.
11152	Un uomo in camicia bianca sta lavorando su una macchina.
23686	Un uomo in camicia bianca sta lavorando su una macchina.
34	Un uomo in camicia bianca sta lavorando su una macchina.
4881	Un uomo in camicia bianca sta lavorando su una macchina.
2572	Un uomo in camicia bianca sta lavorando su una macchina.
14599	Un uomo in camicia bianca sta lavorando su una macchina.
19724	Un uomo in camicia bianca sta lavorando su una macchina.
15650	Un uomo in camicia bianca sta lavorando su una macchina.
22956	Un uomo in camicia bianca sta lavorando su una macchina.
3724	Un uomo in camicia bianca sta lavorando su una macchina.
7542	Un uomo in camicia bianca sta lavorando su una macchina.
22163	Un uomo in camicia bianca sta lavorando su una macchina.
28328	Un uomo in camicia bianca sta lavorando su una macchina.
30201	Un uomo in camicia bianca sta lavorando su una macchina.
2412	Un uomo con un cappello da cowboy sta guidando un cavallo.
7581	Un uomo in camicia bianca sta lavorando su una macchina.
17669	Un uomo in camicia bianca sta lavorando su una macchina.
10106	Un uomo in camicia bianca sta lavorando su una macchina.
12077	Un uomo in camicia bianca sta lavorando su una macchina.
19122	Un uomo in camicia bianca sta lavorando su una macchina.
17655	Un uomo in camicia bianca sta lavorando su una macchina.
20562	Un uomo in camicia bianca sta lavorando su una macchina.
18994	Un uomo in camicia bianca sta lavorando su una macchina.
1480	Un uomo in camicia bianca sta lavorando su una macchina.
18764	Un uomo in camicia bianca sta lavorando su una macchina.
7973	Un uomo in camicia bianca sta lavorando su una macchina.
26846	Un uomo in camicia bianca sta lavorando su una macchina.
30942	Un uomo in camicia bianca sta lavorando su una macchina.
30943	Un uomo con un cappello da baseball sta lavorando ad un progetto di legno.
21696	Un uomo in camicia bianca sta lavorando su una grande scultura di ghiaccio.
23724	Un uomo in camicia bianca sta lavorando su una macchina.
5618	Un uomo in camicia bianca sta lavorando su una macchina.
21127	Un uomo in camicia bianca sta lavorando su una macchina.
20946	Un uomo con un cappello da cowboy sta guidando un cavallo.
11219	Un uomo in camicia bianca sta lavorando su una macchina.
23240	Un uomo in camicia bianca sta lavorando su una macchina.
6661	Un uomo in camicia bianca sta lavorando su una macchina.
11423	Un uomo in camicia bianca sta lavorando su una macchina.
20832	Un uomo in camicia bianca sta lavorando su una macchina.
17708	Un uomo in camicia bianca sta lavorando su una macchina.
16416	Un uomo con un cappello da baseball sta lavorando ad un progetto di legno.
6067	Un uomo in camicia bianca sta lavorando su una macchina.
9354	Un uomo in camicia bianca sta lavorando su una macchina.
22994	Un uomo con un cappello da baseball sta lavorando ad un progetto di legno.
24315	Un uomo in camicia bianca sta lavorando su una macchina.
17250	Un uomo in camicia bianca sta lavorando su una macchina.
13744	Un uomo in camicia bianca sta lavorando su una macchina.
16600	Un uomo in camicia bianca sta lavorando su una macchina.
9803	Un uomo in camicia bianca sta lavorando su una macchina.
2956	Un uomo in camicia bianca sta lavorando su una macchina.
23863	Un uomo in camicia bianca sta lavorando su una macchina.
15309	Un uomo in camicia bianca sta lavorando su una macchina.
28063	Un uomo in camicia bianca sta lavorando su una macchina.
16199	Un uomo in camicia bianca sta lavorando su una macchina.
25235	Un uomo in camicia bianca sta lavorando su una macchina.
13977	Un uomo in camicia bianca sta lavorando su una macchina.
8274	Un uomo in camicia bianca sta lavorando su una macchina.
7153	Un uomo in camicia bianca sta lavorando su una macchina.
199	Un uomo in camicia bianca sta lavorando su una macchina.
18820	Un uomo in camicia bianca sta lavorando su una macchina.
3451	Un uomo in camicia bianca sta lavorando su una macchina.
29357	Un uomo in camicia bianca sta lavorando su una macchina.
13785	Un uomo in camicia bianca sta lavorando su una macchina.
29380	Un uomo in camicia bianca sta lavorando su una macchina.
14773	Un uomo in camicia bianca sta lavorando su una macchina.
27391	Un uomo in camicia bianca sta lavorando su una macchina.
4882	Un uomo con un cappello da cowboy sta guidando un cavallo.
1044	Un uomo in camicia bianca sta lavorando su una macchina.
27636	Un uomo in camicia bianca sta lavorando su una macchina.
3109	Un uomo con un cappello da cowboy sta guidando un cavallo.
25753	Un uomo in camicia bianca sta lavorando su una macchina.
9342	Un uomo in camicia bianca sta lavorando su una macchina.
24277	Un uomo con un cappello da cowboy sta guidando un cavallo.
20005	Un uomo in camicia bianca sta lavorando su una macchina.
12706	Un uomo in camicia bianca sta lavorando su una macchina.
3082	Un uomo in camicia bianca sta lavorando su una macchina.
10663	Un uomo in camicia bianca sta lavorando su una macchina.
22835	Un uomo in camicia bianca sta lavorando su una macchina.
17483	Un uomo in camicia bianca sta lavorando su una macchina.
17497	Un uomo in camicia bianca sta lavorando su una macchina.
13197	Un uomo in camicia bianca sta lavorando su una macchina.
4510	Un uomo in camicia bianca sta lavorando su una macchina.
2161	Un uomo in camicia bianca sta lavorando su una macchina.
748	Un uomo in camicia bianca sta lavorando su una macchina.
16004	Un uomo in camicia bianca sta lavorando su una macchina.
17468	Un uomo in camicia bianca sta lavorando su una macchina.
16010	Un uomo in camicia bianca sta lavorando su una macchina.
16992	Un uomo in camicia bianca sta lavorando su una macchina.
22389	Un uomo in camicia bianca sta lavorando su una macchina.
760	Un uomo in camicia bianca sta lavorando su una macchina.
19478	Un uomo in camicia bianca sta lavorando su una macchina.
18028	Un uomo in camicia bianca sta lavorando su una macchina.
6306	Un uomo con un cappello da cowboy sta guidando un cavallo.
9592	Un uomo con un cappello da cowboy sta guidando un cavallo.
23280	Un uomo in camicia bianca sta lavorando su una macchina.
29791	Un uomo in camicia bianca sta lavorando su una macchina.
7597	Un uomo in camicia bianca sta lavorando su una macchina.
3097	Un uomo in camicia bianca sta lavorando su una macchina.
25626	Un uomo in camicia bianca sta lavorando su una macchina.
28470	Un uomo in camicia bianca sta lavorando su una macchina.
2410	Un uomo con un cappello da cowboy sta guidando un cavallo.
9223	Un uomo in camicia bianca sta lavorando su una macchina.
27025	Un uomo in camicia bianca sta lavorando su una macchina.
22613	Un uomo in camicia bianca sta lavorando su una macchina.
5343	Un uomo in camicia bianca sta lavorando su una macchina.
9579	Un uomo in camicia bianca sta lavorando su una macchina.
17045	Un uomo in camicia bianca sta lavorando su una macchina.
14558	Un uomo in camicia bianca sta lavorando su una macchina.
29197	Un uomo in camicia bianca sta lavorando su una macchina.
14570	Un uomo con un cappello da baseball sta lavorando ad un progetto di legno.
27804	Un uomo in camicia bianca sta lavorando su una macchina.
22968	Un uomo in camicia bianca sta lavorando su una macchina.
10925	Un uomo in camicia bianca sta lavorando su una macchina.
15875	Un uomo in camicia bianca sta lavorando su una macchina.
1723	Un uomo in camicia bianca sta lavorando su una macchina.
29632	Un uomo in camicia bianca sta lavorando su una macchina.
19929	Un uomo con un cappello da cowboy sta guidando un cavallo.
615	Un uomo in camicia bianca sta lavorando su una macchina.
1284	Un uomo in camicia bianca sta lavorando su una macchina.
2955	Un uomo in camicia bianca sta lavorando su una macchina.
14941	Un uomo in camicia bianca sta lavorando su una macchina.
4317	Un uomo in camicia bianca sta lavorando su una macchina.
29424	Un uomo in camicia bianca sta lavorando su una grande scultura di ghiaccio.
4313	Un uomo in camicia bianca sta lavorando su una macchina.
26049	Un uomo in camicia bianca sta lavorando su una macchina.
25554	Un uomo in camicia bianca sta lavorando su una macchina.
5743	Un uomo in camicia bianca sta lavorando su una macchina.
8267	Un uomo in camicia bianca sta lavorando su una macchina.
29352	Un uomo in camicia bianca sta lavorando su una macchina.
5970	Un uomo in camicia bianca sta lavorando su una macchina.
25583	Un uomo in camicia bianca sta lavorando su una macchina.
5964	Un uomo in camicia bianca sta lavorando su una macchina.
19508	Un uomo in camicia bianca sta lavorando su una macchina.
12475	Un uomo in camicia bianca sta lavorando su una macchina.
4663	Un uomo in camicia bianca sta lavorando su una macchina.
21530	Un uomo in camicia bianca sta lavorando su una macchina.
29636	Un uomo in camicia bianca sta lavorando su una macchina.
3130	Un uomo con un cappello da baseball sta lavorando ad un progetto di legno.
5541	Un uomo in camicia bianca sta lavorando su una macchina.
20821	Un uomo in camicia bianca sta lavorando su una macchina.
17733	Un uomo con un cappello da cowboy sta guidando un cavallo.
22788	Un uomo con un cappello da cowboy sta guidando un cavallo.
25795	Un uomo in camicia bianca sta lavorando su una macchina.
6921	Un uomo in camicia bianca sta lavorando su una macchina.
3078	Un uomo con un cappello da baseball sta lavorando ad un progetto di legno.
30549	Un uomo in camicia bianca sta lavorando su una macchina.
23509	Un uomo in camicia bianca sta lavorando su una macchina.
17121	Un uomo in camicia bianca sta lavorando su una macchina.
3087	Un uomo in camicia bianca sta lavorando su una macchina.
17109	Un uomo in camicia bianca sta lavorando su una macchina.
10666	Un uomo in camicia bianca sta lavorando su una macchina.
4501	Un uomo in camicia bianca sta lavorando su una macchina.
28662	Un uomo in camicia bianca sta lavorando su una macchina.
18979	Un uomo in camicia bianca sta lavorando su una macchina.
28879	Un uomo in camicia bianca sta lavorando su una macchina.
7791	Un uomo in camicia bianca sta lavorando su una macchina.
14164	Un uomo in camicia bianca sta lavorando su una macchina.
16773	Un uomo in camicia bianca sta lavorando su una macchina.
11747	Un uomo in camicia bianca sta lavorando su una macchina.
16996	Un uomo in camicia bianca sta lavorando su una macchina.
9959	Un uomo in camicia bianca sta lavorando su una macchina.
28139	Un uomo in camicia bianca sta lavorando su una macchina.
28893	Un uomo in camicia bianca sta lavorando su una macchina.
24071	Un uomo in camicia bianca sta lavorando su una macchina.
21121	Un uomo in camicia bianca sta lavorando su una macchina.
19643	Un uomo in camicia bianca sta lavorando su una macchina.
228	Un uomo con un cappello da baseball sta lavorando ad un progetto di legno.
17652	Un uomo in camicia bianca sta lavorando su una macchina.
12058	Un uomo in camicia bianca sta lavorando su una macchina.
1646	Un uomo in camicia bianca sta lavorando su una macchina.
2429	Un uomo in camicia bianca sta lavorando su una macchina.
23252	Un uomo con un cappello da cowboy sta guidando un cavallo.
25637	Un uomo in camicia bianca sta lavorando su una macchina.
4879	Un uomo in camicia bianca sta lavorando su una macchina.
8070	Un uomo in camicia bianca sta lavorando su una macchina.
27168	Un uomo in camicia bianca sta lavorando su una macchina.
22776	Un uomo in camicia bianca sta lavorando su una macchina.
19910	Un uomo in camicia bianca sta lavorando su una macchina.
10920	Un uomo in camicia bianca sta lavorando su una macchina.
2788	Un uomo in camicia bianca sta lavorando su una macchina.
21900	Un uomo in camicia bianca sta lavorando su una macchina.
19247	Un uomo in camicia bianca sta lavorando su una macchina.
22548	Un uomo in camicia bianca sta lavorando su una macchina.
8528	Un uomo con un cappello da baseball sta lavorando ad un progetto di legno.
25541	Un uomo in camicia bianca sta lavorando su una macchina.
28067	Un uomo in camicia bianca sta lavorando su una macchina.
21725	Un uomo in camicia bianca sta lavorando su una macchina.
7631	Un uomo in camicia bianca sta lavorando su una macchina.
16638	Un uomo in camicia bianca sta lavorando su una macchina.
15457	Un uomo in camicia bianca sta lavorando su una macchina.
24846	Un uomo in camicia bianca sta lavorando su una macchina.
19523	Un uomo in camicia bianca sta lavorando su una macchina.
10088	Un uomo in camicia bianca sta lavorando su una macchina.
12853	Un uomo in camicia bianca sta lavorando su una macchina.
17903	Un uomo in camicia bianca sta lavorando su una macchina.
26512	Un uomo in camicia bianca sta lavorando su una macchina.
25	Un uomo con un cappello da cowboy sta guidando un cavallo.
22953	Un uomo in camicia bianca sta lavorando su una macchina.
5581	Un uomo in camicia bianca sta lavorando su una macchina.
27817	Un uomo in camicia bianca sta lavorando su una macchina.
5595	Un uomo in camicia bianca sta lavorando su una macchina.
20981	Un uomo in camicia bianca sta lavorando su una macchina.
27988	Un uomo in camicia bianca sta lavorando su una macchina.
12927	Un uomo in camicia bianca sta lavorando su una macchina.
21335	Un uomo con un cappello da cowboy sta guidando un cavallo.
8674	Un uomo in camicia bianca sta lavorando su una macchina.
24271	Un uomo in camicia bianca sta lavorando su una macchina.
24517	Un uomo in camicia bianca sta lavorando su una macchina.
15047	Un uomo in camicia bianca sta lavorando su una macchina.
7584	Un uomo in camicia bianca sta lavorando su una macchina.
28661	Un uomo in camicia bianca sta lavorando su una macchina.
14832	Un uomo in camicia bianca sta lavorando su una macchina.
28113	Un uomo con un cappello da baseball sta lavorando ad un progetto di legno.
20229	Un uomo con un cappello da cowboy sta guidando un cavallo.
2615	Un uomo con un cappello da baseball sta lavorando ad un progetto di legno.
28885	Un uomo in camicia bianca sta lavorando su una macchina.
3245	Un uomo in camicia bianca sta lavorando su una macchina.
7962	Un uomo in camicia bianca sta lavorando su una macchina.
9797	Un uomo in camicia bianca sta lavorando su una macchina.
23091	Un uomo in camicia bianca sta lavorando su una macchina.
5807	Un uomo in camicia bianca sta lavorando su una macchina.
26843	Un uomo in camicia bianca sta lavorando su una macchina.
5621	Un uomo con un cappello da baseball sta lavorando ad un progetto di legno.
7750	Un uomo in camicia bianca sta lavorando su una macchina.
11963	Un uomo in camicia bianca sta lavorando su una macchina.
2600	Un uomo in camicia bianca sta lavorando su una macchina.
10499	Un uomo in camicia bianca sta lavorando su una macchina.
6300	Un uomo in camicia bianca sta lavorando su una macchina.
11234	Un uomo in camicia bianca sta lavorando su una macchina.
565	Un uomo in camicia bianca sta lavorando su una macchina.
20016	Un uomo con un cappello da cowboy sta guidando un cavallo.
29754	Un uomo in camicia bianca sta lavorando su una macchina.
19867	Un uomo in camicia bianca sta lavorando su una macchina.
29185	Un uomo in camicia bianca sta lavorando su una macchina.
5580	Un uomo in camicia bianca sta lavorando su una macchina.
17731	Un uomo in camicia bianca sta lavorando su una macchina.
17057	Un uomo in camicia bianca sta lavorando su una macchina.
13543	Un uomo in camicia bianca sta lavorando su una macchina.
24476	Un uomo in camicia bianca sta lavorando su una macchina.
13580	Un uomo con un cappello da cowboy sta guidando un cavallo.
29608	Un uomo in camicia bianca sta lavorando su una macchina.
11618	Un uomo in camicia bianca sta lavorando su una macchina.
12305	Un uomo in camicia bianca sta lavorando su una macchina.
11624	Un uomo in camicia bianca sta lavorando su una macchina.
17533	Un uomo in camicia bianca sta lavorando su una macchina.
26922	Un uomo con un cappello da baseball sta lavorando ad un progetto di legno.
9609	Un uomo in camicia bianca sta lavorando su una macchina.
28066	Un uomo in camicia bianca sta lavorando su una macchina.
10124	Un uomo in camicia bianca sta lavorando su una macchina.
19896	Un uomo in camicia bianca sta lavorando su una macchina.
972	Un uomo in camicia bianca sta lavorando su una macchina.
22425	Un uomo con un cappello da baseball sta lavorando ad un progetto di legno.
8337	Un uomo in camicia bianca sta lavorando su una macchina.
25376	Un uomo in camicia bianca sta lavorando su una macchina.
22419	Un uomo in camicia bianca sta lavorando su una macchina.
7986	Un uomo in camicia bianca sta lavorando su una macchina.
23713	Un uomo in camicia bianca sta lavorando su una macchina.
11979	Un uomo in camicia bianca sta lavorando su una macchina.
8486	Un uomo in camicia bianca sta lavorando su una macchina.
14626	Un uomo con un cappello da cowboy sta guidando un cavallo.
2197	Un uomo in camicia bianca sta lavorando su una macchina.
5835	Un uomo in camicia bianca sta lavorando su una macchina.
16018	Un uomo in camicia bianca sta lavorando su una macchina.
10469	Un uomo in camicia bianca sta lavorando su una macchina.
754	Un uomo in camicia bianca sta lavorando su una macchina.
19471	Un uomo in camicia bianca sta lavorando su una macchina.
3539	Un uomo in camicia bianca sta lavorando su una macchina.
21105	Un uomo in camicia bianca sta lavorando su una macchina.
8322	Un uomo in camicia bianca sta lavorando su una macchina.
973	Un uomo in camicia bianca sta lavorando su una macchina.
5160	Un uomo in camicia bianca sta lavorando su una macchina.
1306	Un uomo in camicia bianca sta lavorando su una macchina.
15061	Un uomo in camicia bianca sta lavorando su una macchina.
11207	Un uomo in camicia bianca sta lavorando su una macchina.
6694	Un uomo in camicia bianca sta lavorando su una macchina.
25820	Un uomo in camicia bianca sta lavorando su una macchina.
7549	Un uomo in camicia bianca sta lavorando su una macchina.
10858	Un uomo in camicia bianca sta lavorando su una macchina.
30236	Un uomo in camicia bianca sta lavorando su una macchina.
26440	Un uomo in camicia bianca sta lavorando su una macchina.
25149	Un uomo in camicia bianca sta lavorando su una macchina.
18425	Un uomo in camicia bianca sta lavorando su una macchina.
19075	Un uomo in camicia bianca sta lavorando su una macchina.
18419	Un uomo in camicia bianca sta lavorando su una macchina.
2551	Un uomo in camicia bianca sta lavorando su una macchina.
8054	Un uomo in camicia bianca sta lavorando su una macchina.
18155	Un uomo in camicia bianca sta lavorando su una macchina.
20390	Un uomo in camicia bianca sta lavorando su una macchina.
19277	Un uomo in camicia bianca sta lavorando su una macchina.
19263	Un uomo in camicia bianca sta lavorando su una macchina.
14974	Un uomo in camicia bianca sta lavorando su una macchina.
28041	Un uomo in camicia bianca sta lavorando su una macchina.
3459	Un uomo in camicia bianca sta lavorando su una macchina.
26050	Un uomo in camicia bianca sta lavorando su una macchina.
23128	Un uomo in camicia bianca sta lavorando su una macchina.
22554	Un uomo in camicia bianca sta lavorando su una grande scultura di ghiaccio.
17510	Un uomo in camicia bianca sta lavorando su una macchina.
13992	Un uomo in camicia bianca sta lavorando su una macchina.
15878	Un uomo in camicia bianca sta lavorando su una macchina.
25763	Un uomo in camicia bianca sta lavorando su una macchina.
12865	Un uomo in camicia bianca sta lavorando su una macchina.
6733	Un uomo in camicia bianca sta lavorando su una macchina.
16395	Un uomo in camicia bianca sta lavorando su una macchina.
26256	Un uomo in camicia bianca sta lavorando su una macchina.
14582	Un uomo in camicia bianca sta lavorando su una macchina.
25987	Un uomo in camicia bianca sta lavorando su una macchina.
24327	Un uomo in camicia bianca sta lavorando su una macchina.
14596	Un uomo con un cappello da cowboy sta guidando un cavallo.
16381	Un uomo con un cappello da baseball sta lavorando ad un progetto di legno.
340	Un uomo in camicia bianca sta lavorando su una macchina.
11363	Un uomo in camicia bianca sta lavorando su una grande scultura di ghiaccio.
29830	Un uomo in camicia bianca sta lavorando su una macchina.
19071	Un uomo in camicia bianca sta lavorando su una macchina.
24535	Un uomo in camicia bianca sta lavorando su una macchina.
3703	Un uomo in camicia bianca sta lavorando su una macchina.
24521	Un uomo in camicia bianca sta lavorando su una macchina.
29944	Un uomo in camicia bianca sta lavorando su una macchina.
22193	Un uomo in camicia bianca sta lavorando su una macchina.
23070	Un uomo in camicia bianca sta lavorando su una macchina.
9776	Un uomo in camicia bianca sta lavorando su una macchina.
9979	Un uomo in camicia bianca sta lavorando su una macchina.
28694	Un uomo in camicia bianca sta lavorando su una macchina.
13170	Un uomo in camicia bianca sta lavorando su una macchina.
12508	Un uomo in camicia bianca sta lavorando su una macchina.
6486	Un uomo in camicia bianca sta lavorando su una macchina.
30781	Un uomo in camicia bianca sta lavorando su una macchina.
20592	Un uomo in camicia bianca sta lavorando su una macchina.
9978	Un uomo in camicia bianca sta lavorando su una macchina.
3500	Un uomo in camicia bianca sta lavorando su una macchina.
5171	Un uomo in camicia bianca sta lavorando su una macchina.
9039	Un uomo in camicia bianca sta lavorando su una macchina.
7996	Un uomo in camicia bianca sta lavorando su una macchina.
23065	Un uomo in camicia bianca sta lavorando su una grande scultura di ghiaccio.
14434	Un uomo con un cappello da baseball sta lavorando ad un progetto di legno.
8870	Un uomo in camicia bianca sta lavorando su una macchina.
17673	Un uomo in camicia bianca sta lavorando su una macchina.
25819	Un uomo in camicia bianca sta lavorando su una macchina.
22145	Un uomo in camicia bianca sta lavorando su una macchina.
29010	Un uomo in camicia bianca sta lavorando su una macchina.
10691	Un uomo in camicia bianca sta lavorando su una macchina.
30384	Un uomo in camicia bianca sta lavorando su una macchina.
10732	Un uomo in camicia bianca sta lavorando su una macchina.
15138	Un uomo in camicia bianca sta lavorando su una macchina.
10097	Un uomo in camicia bianca sta lavorando su una macchina.
20154	Un uomo in camicia bianca sta lavorando su una macchina.
6068	Un uomo in camicia bianca sta lavorando su una macchina.
25986	Un uomo in camicia bianca sta lavorando su una macchina.
25776	Un uomo in camicia bianca sta lavorando su una macchina.
8079	Un uomo in camicia bianca sta lavorando su una macchina.
21510	Un uomo in camicia bianca sta lavorando su una macchina.
28246	Un uomo in camicia bianca sta lavorando su una macchina.
15448	Un uomo in camicia bianca sta lavorando su una macchina.
12441	Un uomo in camicia bianca sta lavorando su una macchina.
10242	Un uomo in camicia bianca sta lavorando su una macchina.
23850	Un uomo in camicia bianca sta lavorando su una macchina.
5763	Un uomo in camicia bianca sta lavorando su una macchina.
6242	Un uomo in camicia bianca sta lavorando su una macchina.
6532	Un uomo in camicia bianca sta lavorando su una macchina.
828	Un uomo in camicia bianca sta lavorando su una macchina.
23107	Un uomo in camicia bianca sta lavorando su una macchina.
3476	Un uomo in camicia bianca sta lavorando su una macchina.
29364	Un uomo con un cappello da cowboy sta guidando un cavallo.
6283	Un uomo in camicia bianca sta lavorando su una macchina.
18146	Un uomo in camicia bianca sta lavorando su una macchina.
26094	Un uomo in camicia bianca sta lavorando su una macchina.
22594	Un uomo in camicia bianca sta lavorando su una macchina.
16631	Un uomo in camicia bianca sta lavorando su una macchina.
3648	Un uomo con un cappello da baseball sta lavorando ad un progetto di legno.
22755	Un uomo in camicia bianca sta lavorando su una macchina.
15674	Un uomo in camicia bianca sta lavorando su una macchina.
11374	Un uomo in camicia bianca sta lavorando su una macchina.
8084	Un uomo in camicia bianca sta lavorando su una macchina.
24495	Un uomo in camicia bianca sta lavorando su una macchina.
12133	Un uomo in camicia bianca sta lavorando su una macchina.
1895	Un uomo in camicia bianca sta lavorando su una macchina.
30557	Un uomo in camicia bianca sta lavorando su una macchina.
1117	Un uomo in camicia bianca sta lavorando su una macchina.
24244	Un uomo in camicia bianca sta lavorando su una macchina.
10693	Un uomo con un cappello da cowboy sta guidando un cavallo.
12084	Un uomo in camicia bianca sta lavorando su una macchina.
8872	Un uomo in camicia bianca sta lavorando su una macchina.
13417	Un uomo in camicia bianca sta lavorando su una macchina.
12053	Un uomo con un cappello da cowboy sta guidando un cavallo.
9013	Un uomo con un cappello da cowboy sta guidando un cavallo.
6334	Un uomo in camicia bianca sta lavorando su una macchina.
26645	Un uomo in camicia bianca sta lavorando su una macchina.
18998	Un uomo in camicia bianca sta lavorando su una macchina.
16989	Un uomo in camicia bianca sta lavorando su una macchina.
13629	Un uomo con un cappello da cowboy sta guidando un cavallo.
12245	Un uomo con un cappello da baseball sta lavorando ad un progetto di legno.
23098	Un uomo in camicia bianca sta lavorando su una macchina.
28873	Un uomo in camicia bianca sta lavorando su una macchina.
23099	Un uomo in camicia bianca sta lavorando su una macchina.
22387	Un uomo in camicia bianca sta lavorando su una macchina.
10490	Un uomo con un cappello da cowboy sta guidando un cavallo.
12293	Un uomo in camicia bianca sta lavorando su una macchina.
21498	Un uomo in camicia bianca sta lavorando su una macchina.
29952	Un uomo in camicia bianca sta lavorando su una macchina.
222	Un uomo con un cappello da cowboy sta guidando un cavallo.
15067	Un uomo in camicia bianca sta lavorando su una macchina.
28480	Un uomo in camicia bianca sta lavorando su una macchina.
26446	Un uomo con un cappello da baseball sta lavorando ad un progetto di legno.
10692	Un uomo in camicia bianca sta lavorando su una macchina.
30542	Un uomo in camicia bianca sta lavorando su una macchina.
3701	Un uomo in camicia bianca sta lavorando su una macchina.
8654	Un uomo in camicia bianca sta lavorando su una macchina.
23502	Un uomo in camicia bianca sta lavorando su una macchina.
21301	Un uomo in camicia bianca sta lavorando su una macchina.
6645	Un uomo in camicia bianca sta lavorando su una macchina.
25952	Un uomo con un cappello da baseball sta lavorando ad un progetto di legno.
14231	Un uomo in camicia bianca sta lavorando su una macchina.
24457	Un uomo in camicia bianca sta lavorando su una macchina.
22998	Un uomo in camicia bianca sta lavorando su una macchina.
8708	Un uomo in camicia bianca sta lavorando su una macchina.
29629	Un uomo in camicia bianca sta lavorando su una macchina.
395	Un uomo in camicia bianca sta lavorando su una macchina.
13990	Un uomo in camicia bianca sta lavorando su una macchina.
5947	Un uomo in camicia bianca sta lavorando su una macchina.
14796	Un uomo in camicia bianca sta lavorando su una macchina.
5760	Un uomo in camicia bianca sta lavorando su una macchina.
7639	Un uomo in camicia bianca sta lavorando su una macchina.
4343	Un uomo in camicia bianca sta lavorando su una macchina.
2054	Un uomo con un cappello da baseball sta lavorando ad un progetto di legno.
9673	Un uomo con un cappello da baseball sta lavorando ad un progetto di legno.
24829	Un uomo in camicia bianca sta lavorando su una macchina.
133	Un uomo in camicia bianca sta lavorando su una macchina.
15410	Un uomo in camicia bianca sta lavorando su una macchina.
20656	Un uomo in camicia bianca sta lavorando su una macchina.
15809	Un uomo in camicia bianca sta lavorando su una macchina.
1987	Un uomo in camicia bianca sta lavorando su una macchina.
17978	Un uomo in camicia bianca sta lavorando su una macchina.
19772	Un uomo in camicia bianca sta lavorando su una macchina.
16455	Un uomo in camicia bianca sta lavorando su una macchina.
89	Un uomo in camicia bianca sta lavorando su una macchina.
6781	Un uomo con un cappello da baseball sta lavorando ad un progetto di legno.
279	Un uomo in camicia bianca sta lavorando su una macchina.
19174	Un uomo in camicia bianca sta lavorando su una macchina.
17603	Un uomo in camicia bianca sta lavorando su una macchina.
22860	Un uomo in camicia bianca sta lavorando su una macchina.
11514	Un uomo in camicia bianca sta lavorando su una macchina.
7702	Un uomo in camicia bianca sta lavorando su una macchina.
906	Un uomo in camicia bianca sta lavorando su una macchina.
1401	Un uomo in camicia bianca sta lavorando su una macchina.
16938	Un uomo in camicia bianca sta lavorando su una macchina.
25470	Un uomo in camicia bianca sta lavorando su una macchina.
25316	Un uomo in camicia bianca sta lavorando su una macchina.
14134	Un uomo in camicia bianca sta lavorando su una macchina.
9908	Un uomo con un cappello da baseball sta lavorando ad un progetto di legno.
5854	Un uomo con un cappello da cowboy sta guidando un cavallo.
24974	Un uomo in camicia bianca sta lavorando su una macchina.
734	Un uomo in camicia bianca sta lavorando su una macchina.
2690	Un uomo con un cappello da baseball sta lavorando ad un progetto di legno.
2848	Un uomo in camicia bianca sta lavorando su una macchina.
22478	Un uomo in camicia bianca sta lavorando su una macchina.
9074	Un uomo in camicia bianca sta lavorando su una macchina.
14690	Un uomo in camicia bianca sta lavorando su una macchina.
10390	Un uomo in camicia bianca sta lavorando su una macchina.
6192	Un uomo in camicia bianca sta lavorando su una macchina.
13302	Un uomo con un cappello da cowboy sta guidando un cavallo.
14479	Un uomo in camicia bianca sta lavorando su una macchina.
14337	Un uomo in camicia bianca sta lavorando su una macchina.
19834	Un uomo in camicia bianca sta lavorando su una macchina.
24545	Un uomo con un cappello da cowboy sta guidando un cavallo.
26352	Un uomo in camicia bianca sta lavorando su una macchina.
12949	Un uomo in camicia bianca sta lavorando su una macchina.
13276	Un uomo in camicia bianca sta lavorando su una macchina.
3834	Un uomo in camicia bianca sta lavorando su una macchina.
318	Un uomo in camicia bianca sta lavorando su una macchina.
20858	Un uomo con un cappello da cowboy sta guidando un cavallo.
4801	Un uomo in camicia bianca sta lavorando su una macchina.
6031	Un uomo con un cappello da cowboy sta guidando un cavallo.
24425	Un uomo in camicia bianca sta lavorando su una macchina.
15834	Un uomo in camicia bianca sta lavorando su una macchina.
17945	Un uomo con un cappello da cowboy sta guidando un cavallo.
654	Un uomo in camicia bianca sta lavorando su una macchina.
12356	Un uomo con un cappello da cowboy sta guidando un cavallo.
16124	Un uomo in camicia bianca sta lavorando su una macchina.
16871	Un uomo in camicia bianca sta lavorando su una macchina.
24169	Un uomo in camicia bianca sta lavorando su una macchina.
30652	Un uomo in camicia bianca sta lavorando su una macchina.
1206	Un uomo in camicia bianca sta lavorando su una macchina.
1576	Un uomo in camicia bianca sta lavorando su una macchina.
29301	Un uomo in camicia bianca sta lavorando su una macchina.
22254	Un uomo in camicia bianca sta lavorando su una macchina.
20457	Un uomo in camicia bianca sta lavorando su una macchina.
26998	Un uomo con un cappello da cowboy sta guidando un cavallo.
124	Un uomo in camicia bianca sta lavorando su una macchina.
9328	Un uomo con un cappello da baseball sta lavorando ad un progetto di legno.
22042	Un uomo in camicia bianca sta lavorando su una macchina.
1984	Un uomo in camicia bianca sta lavorando su una macchina.
20682	Un uomo in camicia bianca sta lavorando su una macchina.
6796	Un uomo in camicia bianca sta lavorando su una macchina.
14490	Un uomo in camicia bianca sta lavorando su una macchina.
3771	Un uomo in camicia bianca sta lavorando su una macchina.
20709	Un uomo in camicia bianca sta lavorando su una macchina.
22678	Un uomo in camicia bianca sta lavorando su una macchina.
9506	Un uomo in camicia bianca sta lavorando su una macchina.
9274	Un uomo in camicia bianca sta lavorando su una macchina.
14453	Un uomo in camicia bianca sta lavorando su una macchina.
30283	Un uomo con un cappello da cowboy sta guidando un cavallo.
15759	Un uomo in camicia bianca sta lavorando su una macchina.
26393	Un uomo in camicia bianca sta lavorando su una macchina.
246	Un uomo in camicia bianca sta lavorando su una macchina.
19639	Un uomo in camicia bianca sta lavorando su una macchina.
1833	Un uomo in camicia bianca sta lavorando su una macchina.
520	Un uomo in camicia bianca sta lavorando su una macchina.
23758	Un uomo in camicia bianca sta lavorando su una macchina.
22334	Un uomo in camicia bianca sta lavorando su una macchina.
1358	Un uomo in camicia bianca sta lavorando su una macchina.
25315	Un uomo in camicia bianca sta lavorando su una macchina.
23957	Un uomo in camicia bianca sta lavorando su una macchina.
18731	Un uomo in camicia bianca sta lavorando su una macchina.
10379	Un uomo in camicia bianca sta lavorando su una macchina.
26806	Un uomo in camicia bianca sta lavorando su una macchina.
19348	Un uomo in camicia bianca sta lavorando su una macchina.
9088	Un uomo in camicia bianca sta lavorando su una macchina.
28142	Un uomo in camicia bianca sta lavorando su una macchina.
5881	Un uomo in camicia bianca sta lavorando su una macchina.
16090	Un uomo in camicia bianca sta lavorando su una macchina.
1417	Un uomo in camicia bianca sta lavorando su una macchina.
2678	Un uomo in camicia bianca sta lavorando su una macchina.
8427	Un uomo in camicia bianca sta lavorando su una macchina.
17615	Un uomo in camicia bianca sta lavorando su una macchina.
11516	Un uomo in camicia bianca sta lavorando su una macchina.
18532	Un uomo in camicia bianca sta lavorando su una macchina.
10620	Un uomo in camicia bianca sta lavorando su una macchina.
19162	Un uomo in camicia bianca sta lavorando su una macchina.
8631	Un uomo in camicia bianca sta lavorando su una macchina.
22651	Un uomo in camicia bianca sta lavorando su una macchina.
15176	Un uomo in camicia bianca sta lavorando su una macchina.
4816	Un uomo in camicia bianca sta lavorando su una macchina.
5261	Un uomo in camicia bianca sta lavorando su una macchina.
8023	Un uomo in camicia bianca sta lavorando su una macchina.
20640	Un uomo in camicia bianca sta lavorando su una macchina.
20898	Un uomo in camicia bianca sta lavorando su una macchina.
3162	Un uomo in camicia bianca sta lavorando su una macchina.
15412	Un uomo in camicia bianca sta lavorando su una macchina.
15374	Un uomo con un cappello da cowboy sta guidando un cavallo.
11890	Un uomo in camicia bianca sta lavorando su una macchina.
12427	Un uomo con un cappello da baseball sta lavorando ad un progetto di legno.
14042	Un uomo in camicia bianca sta lavorando su una macchina.
24181	Un uomo in camicia bianca sta lavorando su una macchina.
3412	Un uomo in camicia bianca sta lavorando su una macchina.
24624	Un uomo in camicia bianca sta lavorando su una macchina.
28026	Un uomo con un cappello da baseball sta lavorando ad un progetto di legno.
21764	Un uomo in camicia bianca sta lavorando su una macchina.
25516	Un uomo in camicia bianca sta lavorando su una macchina.
9885	Un uomo in camicia bianca sta lavorando su una macchina.
5701	Un uomo in camicia bianca sta lavorando su una macchina.
8225	Un uomo in camicia bianca sta lavorando su una macchina.
17573	Un uomo in camicia bianca sta lavorando su una macchina.
29489	Un uomo in camicia bianca sta lavorando su una macchina.
15358	Un uomo in camicia bianca sta lavorando su una macchina.
27671	Un uomo in camicia bianca sta lavorando su una macchina.
1981	Un uomo in camicia bianca sta lavorando su una macchina.
1771	Un uomo in camicia bianca sta lavorando su una macchina.
12184	Un uomo in camicia bianca sta lavorando su una macchina.
24350	Un uomo in camicia bianca sta lavorando su una macchina.
11466	Un uomo in camicia bianca sta lavorando su una macchina.
30494	Un uomo in camicia bianca sta lavorando su una macchina.
18318	Un uomo in camicia bianca sta lavorando su una macchina.
30480	Un uomo in camicia bianca sta lavorando su una macchina.
4027	Un uomo in camicia bianca sta lavorando su una macchina.
2330	Un uomo in camicia bianca sta lavorando su una macchina.
23205	Un uomo in camicia bianca sta lavorando su una macchina.
17822	Un uomo in camicia bianca sta lavorando su una macchina.
3774	Un uomo in camicia bianca sta lavorando su una macchina.
12782	Un uomo in camicia bianca sta lavorando su una macchina.
14495	Un uomo in camicia bianca sta lavorando su una macchina.
15774	Un uomo in camicia bianca sta lavorando su una macchina.
18250	Un uomo in camicia bianca sta lavorando su una macchina.
17177	Un uomo con un cappello da cowboy sta guidando un cavallo.
20240	Un uomo in camicia bianca sta lavorando su una macchina.
20297	Un uomo in camicia bianca sta lavorando su una macchina.
13648	Un uomo in camicia bianca sta lavorando su una macchina.
12542	Un uomo con un cappello da baseball sta lavorando ad un progetto di legno.
15588	Un uomo in camicia bianca sta lavorando su una macchina.
26142	Un uomo in camicia bianca sta lavorando su una macchina.
7739	Un uomo con un cappello da cowboy sta guidando un cavallo.
4556	Un uomo in camicia bianca sta lavorando su una macchina.
23006	Un uomo con un cappello da cowboy sta guidando un cavallo.
26618	Un uomo con un cappello da baseball sta lavorando ad un progetto di legno.
16532	Un uomo in camicia bianca sta lavorando su una macchina.
8185	Un uomo con un cappello da cowboy sta guidando un cavallo.
2319	Un uomo in camicia bianca sta lavorando su una macchina.
1610	Un uomo con un cappello da baseball sta lavorando ad un progetto di legno.
7507	Un uomo in camicia bianca sta lavorando su una macchina.
17823	Un uomo in camicia bianca sta lavorando su una macchina.
9502	Un uomo in camicia bianca sta lavorando su una macchina.
3826	Un uomo in camicia bianca sta lavorando su una macchina.
13516	Un uomo in camicia bianca sta lavorando su una macchina.
8740	Un uomo con un cappello da baseball sta lavorando ad un progetto di legno.
30456	Un uomo in camicia bianca sta lavorando su una macchina.
12813	Un uomo in camicia bianca sta lavorando su una macchina.
2523	Un uomo in camicia bianca sta lavorando su una macchina.
487	Un uomo in camicia bianca sta lavorando su una macchina.
10235	Un uomo in camicia bianca sta lavorando su una macchina.
23827	Un uomo in camicia bianca sta lavorando su una macchina.
14721	Un uomo in camicia bianca sta lavorando su una macchina.
2906	Un uomo in camicia bianca sta lavorando su una macchina.
28966	Un uomo con un cappello da cowboy sta guidando un cavallo.
16888	Un uomo con un cappello da cowboy sta guidando un cavallo.
134	Un uomo in camicia bianca sta lavorando su una macchina.
24806	Un uomo in camicia bianca sta lavorando su una macchina.
7881	Un uomo in camicia bianca sta lavorando su una macchina.
23164	Un uomo in camicia bianca sta lavorando su una macchina.
1202	Un uomo in camicia bianca sta lavorando su una macchina.
24145	Un uomo con un cappello da cowboy sta guidando un cavallo.
8554	Un uomo in camicia bianca sta lavorando su una macchina.
17202	Un uomo in camicia bianca sta lavorando su una macchina.
11897	Un uomo in camicia bianca sta lavorando su una macchina.
22078	Un uomo in camicia bianca sta lavorando su una macchina.
12178	Un uomo in camicia bianca sta lavorando su una macchina.
25918	Un uomo in camicia bianca sta lavorando su una macchina.
17772	Un uomo in camicia bianca sta lavorando su una macchina.
28582	Un uomo in camicia bianca sta lavorando su una macchina.
19005	Un uomo in camicia bianca sta lavorando su una macchina.
9266	Un uomo in camicia bianca sta lavorando su una macchina.
22118	Un uomo in camicia bianca sta lavorando su una macchina.
23560	Un uomo in camicia bianca sta lavorando su una macchina.
19830	Un uomo in camicia bianca sta lavorando su una macchina.
7263	Un uomo in camicia bianca sta lavorando su una macchina.
27048	Un uomo in camicia bianca sta lavorando su una macchina.
8811	Un uomo in camicia bianca sta lavorando su una macchina.
1821	Un uomo in camicia bianca sta lavorando su una macchina.
22865	Un uomo in camicia bianca sta lavorando su una macchina.
12030	Un uomo in camicia bianca sta lavorando su una macchina.
14333	Un uomo con un cappello da cowboy sta guidando un cavallo.
30285	Un uomo con un cappello da baseball sta lavorando ad un progetto di legno.
2131	Un uomo in camicia bianca sta lavorando su una macchina.
22440	Un uomo in camicia bianca sta lavorando su una macchina.
23986	Un uomo in camicia bianca sta lavorando su una macchina.
9058	Un uomo in camicia bianca sta lavorando su una macchina.
917	Un uomo in camicia bianca sta lavorando su una macchina.
17376	Un uomo in camicia bianca sta lavorando su una macchina.
18723	Un uomo con un cappello da cowboy sta guidando un cavallo.
19373	Un uomo in camicia bianca sta lavorando su una macchina.
7909	Un uomo in camicia bianca sta lavorando su una macchina.
7921	Un uomo in camicia bianca sta lavorando su una macchina.
22327	Un uomo in camicia bianca sta lavorando su una macchina.
9065	Un uomo in camicia bianca sta lavorando su una macchina.
2130	Un uomo in camicia bianca sta lavorando su una macchina.
2124	Un uomo in camicia bianca sta lavorando su una macchina.
14332	Un uomo in camicia bianca sta lavorando su una macchina.
12757	Un uomo in camicia bianca sta lavorando su una macchina.
3951	Un uomo in camicia bianca sta lavorando su una macchina.
22870	Un uomo in camicia bianca sta lavorando su una macchina.
15004	Un uomo con un cappello da baseball sta lavorando ad un progetto di legno.
26419	Un uomo in camicia bianca sta lavorando su una grande scultura di ghiaccio.
17997	Un uomo in camicia bianca sta lavorando su una macchina.
17983	Un uomo in camicia bianca sta lavorando su una macchina.
25058	Un uomo in camicia bianca sta lavorando su una macchina.
17940	Un uomo in camicia bianca sta lavorando su una macchina.
6008	Un uomo in camicia bianca sta lavorando su una grande scultura di ghiaccio.
1983	Un uomo con un cappello da baseball sta lavorando ad un progetto di legno.
21799	Un uomo in camicia bianca sta lavorando su una macchina.
14736	Un uomo in camicia bianca sta lavorando su una macchina.
137	Un uomo in camicia bianca sta lavorando su una macchina.
21996	Un uomo in camicia bianca sta lavorando su una macchina.
23617	Un uomo in camicia bianca sta lavorando su una macchina.
2044	Un uomo con un cappello da baseball sta lavorando ad un progetto di legno.
27303	Un uomo con un cappello da baseball sta lavorando ad un progetto di legno.
6549	Un uomo in camicia bianca sta lavorando su una macchina.
29323	Un uomo in camicia bianca sta lavorando su una macchina.
25525	Un uomo in camicia bianca sta lavorando su una macchina.
28767	Un uomo in camicia bianca sta lavorando su una macchina.
10575	Un uomo in camicia bianca sta lavorando su una macchina.
19545	Un uomo in camicia bianca sta lavorando su una macchina.
8766	Un uomo in camicia bianca sta lavorando su una macchina.
25069	Un uomo in camicia bianca sta lavorando su una macchina.
1030	Un uomo in camicia bianca sta lavorando su una macchina.
10788	Un uomo in camicia bianca sta lavorando su una macchina.
8982	Un uomo in camicia bianca sta lavorando su una macchina.
20139	Un uomo in camicia bianca sta lavorando su una macchina.
6005	Un uomo in camicia bianca sta lavorando su una macchina.
10005	Un uomo in camicia bianca sta lavorando su una macchina.
304	Un uomo in camicia bianca sta lavorando su una macchina.
4028	Un uomo in camicia bianca sta lavorando su una macchina.
12969	Un uomo in camicia bianca sta lavorando su una macchina.
20071	Un uomo in camicia bianca sta lavorando su una macchina.
26366	Un uomo in camicia bianca sta lavorando su una macchina.
15974	Un uomo in camicia bianca sta lavorando su una macchina.
9242	Un uomo con un cappello da baseball sta lavorando ad un progetto di legno.
10171	Un uomo in camicia bianca sta lavorando su una macchina.
6830	Un uomo in camicia bianca sta lavorando su una macchina.
25479	Un uomo in camicia bianca sta lavorando su una macchina.
8362	Un uomo in camicia bianca sta lavorando su una macchina.
11086	Un uomo in camicia bianca sta lavorando su una macchina.
15592	Un uomo in camicia bianca sta lavorando su una macchina.
16070	Un uomo in camicia bianca sta lavorando su una macchina.
18061	Un uomo in camicia bianca sta lavorando su una macchina.
17346	Un uomo in camicia bianca sta lavorando su una macchina.
17347	Un uomo in camicia bianca sta lavorando su una macchina.
21187	Un uomo in camicia bianca sta lavorando su una macchina.
23790	Un uomo in camicia bianca sta lavorando su una macchina.
13135	Un uomo in camicia bianca sta lavorando su una macchina.
19356	Un uomo in camicia bianca sta lavorando su una macchina.
1390	Un uomo in camicia bianca sta lavorando su una macchina.
11939	Un uomo in camicia bianca sta lavorando su una macchina.
14841	Un uomo con un cappello da cowboy sta guidando un cavallo.
22317	Un uomo in camicia bianca sta lavorando su una macchina.
15020	Un uomo con un cappello da baseball sta lavorando ad un progetto di legno.
14316	Un uomo con un cappello da baseball sta lavorando ad un progetto di legno.
28389	Un uomo con un cappello da cowboy sta guidando un cavallo.
259	Un uomo in camicia bianca sta lavorando su una macchina.
3008	Un uomo in camicia bianca sta lavorando su una macchina.
9531	Un uomo in camicia bianca sta lavorando su una macchina.
9519	Un uomo in camicia bianca sta lavorando su una macchina.
5016	Un uomo con un cappello da cowboy sta guidando un cavallo.
14786	Un uomo in camicia bianca sta lavorando su una macchina.
16191	Un uomo in camicia bianca sta lavorando su una macchina.
28057	Un uomo con un cappello da cowboy sta guidando un cavallo.
21067	Un uomo in camicia bianca sta lavorando su una macchina.
4452	Un uomo in camicia bianca sta lavorando su una grande scultura di ghiaccio.
14989	Un uomo in camicia bianca sta lavorando su una macchina.
12334	Un uomo in camicia bianca sta lavorando su una macchina.
13770	Un uomo in camicia bianca sta lavorando su una macchina.
29177	Un uomo in camicia bianca sta lavorando su una macchina.
17933	Un uomo in camicia bianca sta lavorando su una macchina.
26536	Un uomo in camicia bianca sta lavorando su una macchina.
1072	Un uomo in camicia bianca sta lavorando su una macchina.
22778	Un uomo in camicia bianca sta lavorando su una macchina.
14221	Un uomo con un cappello da baseball sta lavorando ad un progetto di legno.
8903	Un uomo in camicia bianca sta lavorando su una macchina.
13566	Un uomo in camicia bianca sta lavorando su una macchina.
434	Un uomo in camicia bianca sta lavorando su una macchina.
17714	Un uomo in camicia bianca sta lavorando su una macchina.
9572	Un uomo in camicia bianca sta lavorando su una macchina.
18584	Un uomo in camicia bianca sta lavorando su una macchina.
6127	Un uomo in camicia bianca sta lavorando su una macchina.
2433	Un uomo in camicia bianca sta lavorando su una macchina.
11239	Un uomo in camicia bianca sta lavorando su una macchina.
25188	Un uomo in camicia bianca sta lavorando su una macchina.
15077	Un uomo in camicia bianca sta lavorando su una macchina.
13837	Un uomo in camicia bianca sta lavorando su una macchina.
24043	Un uomo in camicia bianca sta lavorando su una macchina.
1310	Un uomo in camicia bianca sta lavorando su una macchina.
27238	Un uomo in camicia bianca sta lavorando su una macchina.
28123	Un uomo in camicia bianca sta lavorando su una macchina.
26697	Un uomo in camicia bianca sta lavorando su una macchina.
17338	Un uomo in camicia bianca sta lavorando su una macchina.
22383	Un uomo in camicia bianca sta lavorando su una macchina.
2180	Un uomo in camicia bianca sta lavorando su una macchina.
10330	Un uomo con un cappello da cowboy sta guidando un cavallo.
26682	Un uomo in camicia bianca sta lavorando su una macchina.
24095	Un uomo in camicia bianca sta lavorando su una macchina.
2803	Un uomo in camicia bianca sta lavorando su una macchina.
1305	Un uomo in camicia bianca sta lavorando su una macchina.
22341	Un uomo in camicia bianca sta lavorando su una macchina.
26133	Un uomo in camicia bianca sta lavorando su una macchina.
17661	Un uomo in camicia bianca sta lavorando su una macchina.
4902	Un uomo in camicia bianca sta lavorando su una macchina.
9598	Un uomo in camicia bianca sta lavorando su una macchina.
12902	Un uomo in camicia bianca sta lavorando su una macchina.
19857	Un uomo in camicia bianca sta lavorando su una macchina.
20740	Un uomo con un cappello da baseball sta lavorando ad un progetto di legno.
18426	Un uomo con un cappello da cowboy sta guidando un cavallo.
19738	Un uomo con un cappello da baseball sta lavorando ad un progetto di legno.
4686	Un uomo in camicia bianca sta lavorando su una macchina.
28240	Un uomo in camicia bianca sta lavorando su una macchina.
22751	Un uomo in camicia bianca sta lavorando su una macchina.
24863	Un uomo in camicia bianca sta lavorando su una macchina.
26906	Un uomo in camicia bianca sta lavorando su una macchina.
26084	Un uomo in camicia bianca sta lavorando su una macchina.
28042	Un uomo in camicia bianca sta lavorando su una macchina.
6250	Un uomo in camicia bianca sta lavorando su una macchina.
30619	Un uomo in camicia bianca sta lavorando su una macchina.
10287	Un uomo in camicia bianca sta lavorando su una macchina.
12486	Un uomo in camicia bianca sta lavorando su una macchina.
28068	Un uomo in camicia bianca sta lavorando su una macchina.
7170	Un uomo con un cappello da cowboy sta guidando un cavallo.
5767	Un uomo in camicia bianca sta lavorando su una macchina.
22223	Un uomo in camicia bianca sta lavorando su una macchina.
23115	Un uomo in camicia bianca sta lavorando su una macchina.
16810	Un uomo in camicia bianca sta lavorando su una macchina.
8519	Un uomo in camicia bianca sta lavorando su una macchina.
8280	Un uomo in camicia bianca sta lavorando su una macchina.
6078	Un uomo in camicia bianca sta lavorando su una macchina.
27830	Un uomo con un cappello da cowboy sta guidando un cavallo.
18418	Un uomo in camicia bianca sta lavorando su una macchina.
16347	Un uomo in camicia bianca sta lavorando su una macchina.
16421	Un uomo in camicia bianca sta lavorando su una macchina.
17071	Un uomo in camicia bianca sta lavorando su una macchina.
11400	Un uomo in camicia bianca sta lavorando su una macchina.
29772	Un uomo in camicia bianca sta lavorando su una macchina.
13388	Un uomo in camicia bianca sta lavorando su una macchina.
4041	Un uomo in camicia bianca sta lavorando su una macchina.
219	Un uomo in camicia bianca sta lavorando su una macchina.
