8175	Un uomo con un cappello da baseball e una camicia bianca sta lavorando su un pezzo di elettronica.
22115	Un gruppo di persone che si divertono in un mercato.
2458	Un ragazzo in maglietta gialla salta da una scogliera.
9492	Un uomo in camicia rossa sta scalando una montagna.
17031	Una donna con un vestito rosa che tiene in mano un fiore giallo.
21597	Una donna con un vestito rosa e un cappello da baseball sta giocando a tennis.
8940	Un cane bianco e nero corre attraverso un campo erboso.
10010	Un uomo in camicia rossa sta facendo un trucco di rollerskating.
9323	Un uomo in bicicletta sta attraversando un campo.
29108	Un gruppo di persone in bicicletta lungo una strada.
28570	Una donna con un vestito rosa che tiene in mano un fiore giallo.
8015	Un gruppo di persone che camminano in un mercato.
661	Un gruppo di persone che giocano a bagpi.
11124	Un uomo con un cappello da baseball retrostante sta lavorando su una bicicletta.
18666	Un uomo in camicia rossa sta scalando una montagna.
2909	Un uomo in bicicletta sta attraversando un lago.
14048	Un uomo in bicicletta sta attraversando un ponte.
11656	Un gruppo di persone che camminano per strada.
28955	Un uomo in camicia bianca e pantaloni neri sta facendo una foto.
26039	Un uomo in maglietta gialla sta giocando a basket.
20448	Un uomo con un cappello da baseball retrostante sta guardando un altro uomo che sta per salire su un treno.
13916	Un uomo con un cappello da baseball e un cappello da baseball è seduto su una sedia pieghevole a un tavolo da picnic.
30665	Un uomo con un cappello da baseball retrostante sta suonando una chitarra.
27457	Un uomo con un cappello da baseball e una camicia nera sta suonando una chitarra.
1594	Un uomo in maglietta gialla sta giocando a tennis.
887	Un uomo con un cappello da cowboy bianco e un gilet nero sta tagliando un pezzo di legno.
12375	Un ragazzo in maglietta gialla che gioca con un giocattolo.
26946	Un uomo con un cappello da baseball e una camicia nera sta cucinando.
18499	Un cane marrone sta saltando in un stagno.
2260	Un uomo con un cappello da baseball e una camicia bianca sta lavorando ad una.
27872	Un ragazzo in maglietta gialla gioca a calcio.
14260	Un uomo in camicia rossa sta scalando una montagna.
97	Un uomo in bicicletta sta attraversando un edificio.
27682	Un gruppo di uomini gioca a calcio.
4981	Un uomo con un cappello da baseball e una camicia bianca sta lavorando ad una scultura di ghiaccio.
8611	Un uomo con un cappello da baseball e una camicia bianca sta giocando a tennis.
9241	Un uomo in camicia bianca e jeans blu sta facendo un trucco di rollerskating.
4942	Una donna con un vestito rosa che tiene in mano un oggetto di bambù.
11278	Un gruppo di persone che camminano in un mercato.
19624	Un ragazzo in maglietta gialla gioca con un giocattolo.
26615	Un gruppo di bambini gioca a tug-of-war.
19354	Un uomo in camicia bianca e jeans blu sta in piedi e guarda un altro uomo che cammina.
16715	Un uomo in camicia rossa sta scalando una montagna.
13650	Un gruppo di persone che camminano in un mercato di strada.
7912	Un cane bianco e nero che salta in aria per prendere una Frisbee.
14117	Un uomo in bicicletta sta attraversando un ponte.
27250	Un ragazzo in maglietta gialla salta da una scogliera.
2103	Un bambino in piscina che gioca con un giocattolo.
28605	Un uomo con un cappello da baseball e una camicia bianca sta lavorando su un treno.
9042	Un gruppo di persone che si riuniscono in un bar.
21635	Un uomo in bicicletta sta attraversando un ponte.
11906	Un uomo con un cappello da baseball e una camicia bianca sta lavorando ad una.
8412	Un uomo in camicia rossa sta giocando a ping-pong.
12994	Un cane bianco e nero corre attraverso un campo erboso.
10629	Un uomo in camicia bianca sta facendo un pisolino su una panchina.
20932	Un ragazzo in maglietta gialla gioca con un giocattolo.
29916	Un uomo con un cappello da baseball e una camicia nera sta cucinando cibo.
21423	Un gruppo di persone che camminano per strada.
15792	Una donna con un vestito rosa e un cappello da baseball sta sorridendo.
26370	Un uomo con un cappello da baseball e una camicia nera sta cucinando.
29043	Due uomini che giocano a calcio.
21580	Un uomo in camicia bianca sta lavorando ad una struttura di legno.
29862	Un cane bianco e nero che salta in aria per prendere una Frisbee.
19037	Un bambino in maglietta gialla gioca con un giocattolo.
20891	Un gruppo di persone che giocano a calcio.
5240	Un uomo in camicia bianca e cappello da cowboy sta guidando un cavallo.
9308	Un ragazzo in maglietta gialla gioca con un giocattolo.
21219	Un gruppo di persone che camminano in un parco.
24836	Un uomo con un cappello da baseball retrostante sta guardando un altro uomo che sta per fare una foto.
30843	Un uomo in camicia bianca e cappello da baseball è seduto su una panchina.
13724	Un uomo in camicia rossa sta scalando una montagna.
27495	Un uomo in bicicletta sta attraversando un edificio.
10239	Una donna con un vestito rosa che tiene in mano un fiore giallo.
10577	Un cane bianco e nero corre attraverso un campo erboso.
7682	Un uomo in camicia bianca e jeans blu sta facendo una foto.
26984	Un gruppo di persone in piedi su una strada.
9888	Un uomo in camicia bianca sta lavorando su una struttura di legno.
5724	Un cane nero e marrone che salta in una piscina.
30664	Un uomo che corre con un cane al guinzaglio.
5056	Un bambino in maglietta gialla gioca con un giocattolo.
22258	Un cane nero e marrone che salta in una piscina.
13085	Un uomo con un cappello da baseball e una camicia bianca sta lavorando ad una.
4402	Un uomo in bicicletta sta attraversando un ponte.
30674	Un uomo con un cappello da baseball e una camicia bianca sta lavorando ad una.
3437	Un uomo in camicia bianca sta facendo un pisolino.
30660	Un cane bianco e nero che salta in aria per prendere una Frisbee.
16880	Un uomo in camicia bianca sta camminando accanto a un furgone bianco.
11137	Una donna con un vestito rosa che tiene in mano un fiore giallo.
17208	Un uomo con un cappello da baseball e un cappello da baseball è seduto su una sedia pieghevole a un tavolo da picnic.
29480	Un uomo con un cappello da baseball e una camicia bianca sta lavorando ad una scultura di ghiaccio.
12402	Un uomo che corre in un campo.
2265	Un ragazzo in maglietta gialla salta da una scogliera.
20103	Un uomo con un cappello da baseball e una camicia nera sta cucinando.
51	Un ragazzo in maglietta gialla gioca con un giocattolo.
17963	Un uomo in bicicletta sta attraversando un ponte.
17750	Un uomo in camicia bianca sta camminando accanto a un furgone bianco.
19027	Un gruppo di persone che suonano in un gruppo.
27863	Un gruppo di persone che suonano in un gruppo.
12947	Un bambino in maglietta gialla gioca con un giocattolo.
25133	Un uomo con un cappello da baseball retrostante sta guardando un altro uomo che sta per fare una foto.
4748	Un uomo con un cappello da baseball retrostante sta lavorando su un treno.
5330	Un cane bianco e nero corre attraverso un campo erboso.
3972	Un uomo in muta nera sta facendo surf.
22847	Un gruppo di persone che camminano in un mercato di strada.
19609	Una donna con un vestito rosa che tiene in mano un fiore giallo.
8199	Un gruppo di persone che camminano per strada.
17630	Un uomo in muta nera sta facendo surf.
29084	Un ragazzo in maglietta gialla gioca con un giocattolo.
27240	Un uomo con un cappello da baseball e una camicia bianca sta lavorando ad una.
4562	Un uomo con un cappello da baseball e una camicia bianca sta lavorando ad una scultura di ghiaccio.
2113	Un uomo con un cappello da baseball e una camicia bianca sta lavorando su un cartellone.
8364	Un uomo con un cappello da baseball e una camicia bianca sta lavorando ad una scultura di ghiaccio.
22476	Un uomo in camicia bianca sta lavorando su una bicicletta.
20507	Un uomo in bicicletta sporca.
25494	Una donna con un vestito rosa che tiene in mano un fiore giallo.
5867	Un cane nero e marrone che salta in acqua.
15219	Un uomo in camicia rossa sta scalando una montagna.
28827	Un uomo con un cappello da cowboy bianco e un gilet nero sta tagliando un pezzo di legno.
16063	Un uomo in bicicletta sta attraversando un ponte.
15556	Un uomo in muta nera sta facendo surf.
16739	Un uomo con un cappello da baseball e una camicia bianca sta lavorando ad una scultura di ghiaccio.
29250	Un uomo con un cappello da baseball e una camicia bianca sta lavorando ad una scultura di ghiaccio.
22339	Una donna con un vestito rosa che tiene in mano un oggetto di bambù.
2112	Un uomo con un cappello da baseball e una camicia bianca sta giocando a tennis.
25456	Un uomo in camicia rossa sta scalando una montagna.
20248	Un uomo in bicicletta sta attraversando un ponte.
539	Un uomo con un cappello da baseball e una camicia bianca sta lavorando ad una scultura di ghiaccio.
26407	Una donna con un vestito rosa che tiene in mano un fiore giallo.
30503	Due uomini che giocano a calcio.
17194	Un uomo con un cappello da baseball e una camicia nera sta cucinando.
11283	Una donna in camicia bianca e pantaloni neri sta facendo una foto.
4007	Un bambino in maglietta gialla gioca con un giocattolo.
18310	Un ragazzo in maglietta gialla salta da una scogliera.
22098	Un uomo in bicicletta sta attraversando un ponte.
26598	Un uomo in camicia rossa sta scalando una montagna.
17037	Un ragazzo in maglietta gialla gioca con un giocattolo.
22067	Un uomo con un cappello da baseball e una camicia nera sta cucinando.
1023	Un uomo in camicia bianca e pantaloni neri sta facendo una foto.
23345	Un gruppo di persone che camminano per strada.
6002	Un uomo con un cappello da baseball retrostante sta guardando un altro uomo che sta per fare una foto.
23351	Un uomo con un cappello da baseball e una camicia bianca sta lavorando ad una scultura di ghiaccio.
14072	Una donna con un vestito rosa e un cappello da baseball sta giocando a tennis.
12417	Un gruppo di persone che camminano in un parco.
21778	Un uomo in camicia rossa sta scalando una montagna.
27321	Un gruppo di persone che camminano in un mercato.
4367	Un uomo in camicia bianca sta camminando accanto a un muro di mattoni.
30893	Un uomo in camicia bianca e jeans blu sta facendo un trucco di lavoro.
856	Un uomo con un cappello da baseball e una camicia bianca sta lavorando su un treno.
30105	Un uomo in bicicletta sta attraversando un percorso.
8561	Un gruppo di persone che camminano in un mercato.
30111	Un uomo con un cappello da baseball e una camicia bianca sta lavorando ad una scultura di ghiaccio.
20302	Un ragazzo in maglietta gialla gioca con un giocattolo.
26015	Un uomo in bicicletta sta attraversando un edificio.
21544	Un uomo con un cappello da baseball e una camicia bianca sta lavorando ad una scultura di ghiaccio.
8993	Un uomo con un cappello da baseball e una camicia bianca sta lavorando ad una.
21222	Un uomo in maglietta gialla e jeans blu sta giocando a basket.
18448	Un uomo con un cappello da baseball e una camicia bianca sta lavorando ad una scultura di ghiaccio.
27733	Un uomo con un cappello da baseball e un cappello da baseball è seduto su una sedia pieghevole a un tavolo da picnic.
26411	Un gruppo di persone in bicicletta lungo una strada.
26377	Un uomo in camicia rossa sta facendo un trucco di volo.
5441	Un cane nero e marrone che salta in acqua.
5327	Un uomo con un cappello da baseball retrostante sta guardando un altro uomo che sta per fare una foto.
21381	Un gruppo di persone che camminano in un mercato di strada.
1196	Un uomo con un cappello da baseball e una camicia bianca sta lavorando ad una.
29087	Un uomo con un cappello da baseball e una camicia bianca sta lavorando su un cartellone.
29508	Un ragazzo in maglietta gialla gioca con un giocattolo.
6376	Un uomo in bicicletta sta attraversando un edificio.
30065	Un uomo con un cappello da baseball e una camicia bianca sta lavorando ad una.
1343	Un ragazzo in maglietta gialla salta da una scogliera.
16049	Un ragazzo in maglietta gialla gioca con un giocattolo.
28819	Un ragazzo in maglietta gialla che salta da una scogliera.
2851	Un uomo con un cappello da baseball e una camicia nera sta cucinando cibo.
10376	Un gruppo di persone che camminano per strada.
19435	Un uomo con un cappello da baseball e una camicia bianca sta lavorando ad una scultura di ghiaccio.
23965	Un uomo in camicia rossa sta scalando una montagna.
12212	Un gruppo di persone che camminano in un mercato.
9911	Un ragazzo in maglietta gialla gioca con un giocattolo.
16048	Un uomo in bicicletta sporca.
11914	Un uomo con un cappello da baseball e una camicia nera sta suonando una chitarra.
26160	Un ragazzo in maglietta gialla gioca con un giocattolo.
24777	Un uomo in maglietta gialla che gioca a tennis.
2139	Un uomo in camicia bianca sta guidando una bicicletta.
19384	Un uomo in bicicletta sta attraversando un edificio.
23756	Un ragazzo in maglietta gialla gioca con un giocattolo.
9736	Un cane bianco e nero corre attraverso un campo erboso.
9285	Un giocatore di baseball che scivola per prendere una palla.
20934	Un uomo in muta nera sta facendo surf.
8831	Un gruppo di persone che si divertono in un mercato.
19838	Un gruppo di uomini gioca a calcio.
22886	Un uomo in camicia rossa sta scalando una montagna.
27726	Un uomo in maglietta gialla gioca a calcio.
22892	Un ragazzo in maglietta gialla gioca con un giocattolo.
7492	Un gruppo di persone che camminano in un campo.
16458	Un uomo con un cappello da baseball e una camicia bianca sta lavorando su un cartellone.
472	Un ragazzo in maglietta gialla gioca a calcio.
8776	Un uomo con un cappello da baseball e una camicia bianca sta lavorando ad una scultura di ghiaccio.
15186	Un uomo in muta nera sta facendo surf.
23346	Un uomo in bicicletta sta attraversando un edificio.
26969	Un uomo con un cappello da baseball retrostante sta guardando un altro uomo che sta per fare una foto.
12366	Un ragazzo in maglietta gialla gioca con un giocattolo.
19555	Un uomo in camicia bianca sta lavorando su una vecchia macchina.
28978	Un ragazzo in maglietta gialla salta da una scogliera.
670	Un uomo con un cappello da baseball e una camicia bianca sta lavorando ad una scultura di ghiaccio.
7874	Un uomo con un cappello da baseball e una camicia nera sta cucinando.
28005	Un uomo in maglietta gialla gioca a calcio.
20459	Un gruppo di persone che camminano per strada.
23144	Un gruppo di persone che camminano per strada.
26982	Una donna in camicia rossa e pantaloni neri sta facendo una foto.
29354	Un uomo in bicicletta sta attraversando un ponte.
6258	Un gruppo di persone che camminano per strada.
5989	Un gruppo di persone in bicicletta lungo una strada.
28923	Un ragazzo in maglietta gialla gioca con un giocattolo.
11152	Un uomo in camicia bianca e pantaloni khaki sta camminando per strada.
23686	Un uomo con un cappello da baseball e una camicia bianca sta lavorando ad una scultura di ghiaccio.
34	Un cane bianco e nero che salta in aria per prendere una Frisbee.
4881	Un gruppo di persone che camminano in un campo.
2572	Un uomo con un cappello da baseball e una camicia bianca sta lavorando ad una scultura di ghiaccio.
14599	Un uomo con un cappello da baseball e un cappello da baseball è seduto su una panchina.
19724	Un gruppo di persone che giocano a calcio.
15650	Un ragazzo in maglietta gialla gioca con un giocattolo.
22956	Un uomo in bicicletta sta attraversando un edificio.
3724	Un uomo in muta nera sta facendo surf.
7542	Un uomo con un cappello da baseball e un cappello da baseball è seduto su una panchina.
22163	Un uomo con un cappello da baseball e un cappello da baseball è seduto su una sedia pieghevole a un tavolo da picnic.
28328	Un uomo con un cappello da baseball e una camicia nera sta suonando una chitarra.
30201	Un uomo in bicicletta sta attraversando un ponte.
2412	Un bambino in maglietta gialla gioca con un giocattolo.
7581	Un uomo con un cappello da baseball e una camicia bianca sta lavorando ad una scultura di ghiaccio.
17669	Un uomo in camicia rossa sta scalando una montagna.
10106	Un uomo con un cappello da baseball e una camicia bianca sta lavorando ad una.
12077	Un ragazzo in maglietta gialla gioca a calcio.
19122	Un bambino in maglietta gialla gioca con un giocattolo.
17655	Un uomo con un cappello da baseball retrostante sta suonando una chitarra.
20562	Un uomo con un cappello da baseball e una camicia bianca sta lavorando ad una scultura di ghiaccio.
18994	Un uomo con un cappello da baseball e una camicia bianca sta lavorando su un cartellone.
1480	Un uomo in maglietta gialla che gioca a tennis.
18764	Un uomo in camicia bianca e jeans blu sta facendo un pisolino su una panchina.
7973	Un uomo in bicicletta sta attraversando un edificio.
26846	Un uomo con un cappello da baseball e una camicia bianca sta lavorando ad una scultura di ghiaccio.
30942	Un uomo in camicia nera che lavora in un negozio di torte.
30943	Un ragazzo in maglietta gialla gioca con un giocattolo.
21696	Un uomo in bicicletta sta attraversando un ponte.
23724	Un ragazzo in maglietta gialla gioca con un giocattolo.
5618	Un uomo con un cappello da baseball retrostante sta guardando un altro uomo che sta per fare una presentazione.
21127	Un gruppo di persone in bicicletta lungo una strada.
20946	Un uomo in camicia bianca e jeans blu sta facendo un trucco di lavoro.
11219	Un uomo in camicia bianca sta facendo un trucco di rollerskating.
23240	Un uomo con un cappello da baseball retrostante sta guardando un altro uomo che sta per fare una foto.
6661	Un uomo in camicia bianca e pantaloni khaki sta giocando a tennis.
11423	Un cane nero e marrone che salta in acqua.
20832	Un uomo in bicicletta sta attraversando un ponte.
17708	Un gruppo di persone che camminano per strada.
16416	Un uomo in bicicletta sta attraversando un edificio.
6067	Un uomo con un cappello da baseball e una camicia bianca sta lavorando su un pezzo di legno.
9354	Un uomo con un cappello da baseball e una camicia bianca sta lavorando su un pezzo di tessuto.
22994	Un gruppo di persone che camminano in un mercato.
8175	Un uomo con un cappello da baseball e una camicia bianca sta lavorando su un pezzo di elettronica.
22115	Un gruppo di persone che si divertono in un mercato.
2458	Un ragazzo in maglietta gialla salta da una scogliera.
9492	Un uomo in camicia rossa sta scalando una montagna.
17031	Una donna con un vestito rosa che tiene in mano un fiore giallo.
21597	Una donna con un vestito rosa e un cappello da baseball sta giocando a tennis.
8940	Un cane bianco e nero corre attraverso un campo erboso.
10010	Un uomo in camicia rossa sta facendo un trucco di rollerskating.
9323	Un uomo in bicicletta sta attraversando un campo.
29108	Un gruppo di persone in bicicletta lungo una strada.
28570	Una donna con un vestito rosa che tiene in mano un fiore giallo.
8015	Un gruppo di persone che camminano in un mercato.
661	Un gruppo di persone che giocano a bagpi.
11124	Un uomo con un cappello da baseball retrostante sta lavorando su una bicicletta.
18666	Un uomo in camicia rossa sta scalando una montagna.
2909	Un uomo in bicicletta sta attraversando un lago.
14048	Un uomo in bicicletta sta attraversando un ponte.
11656	Un gruppo di persone che camminano per strada.
28955	Un uomo in camicia bianca e pantaloni neri sta facendo una foto.
26039	Un uomo in maglietta gialla sta giocando a basket.
20448	Un uomo con un cappello da baseball retrostante sta guardando un altro uomo che sta per salire su un treno.
13916	Un uomo con un cappello da baseball e un cappello da baseball è seduto su una sedia pieghevole a un tavolo da picnic.
30665	Un uomo con un cappello da baseball retrostante sta suonando una chitarra.
27457	Un uomo con un cappello da baseball e una camicia nera sta suonando una chitarra.
1594	Un uomo in maglietta gialla sta giocando a tennis.
887	Un uomo con un cappello da cowboy bianco e un gilet nero sta tagliando un pezzo di legno.
12375	Un ragazzo in maglietta gialla che gioca con un giocattolo.
26946	Un uomo con un cappello da baseball e una camicia nera sta cucinando.
18499	Un cane marrone sta saltando in un stagno.
2260	Un uomo con un cappello da baseball e una camicia bianca sta lavorando ad una.
27872	Un ragazzo in maglietta gialla gioca a calcio.
14260	Un uomo in camicia rossa sta scalando una montagna.
97	Un uomo in bicicletta sta attraversando un edificio.
27682	Un gruppo di uomini gioca a calcio.
4981	Un uomo con un cappello da baseball e una camicia bianca sta lavorando ad una scultura di ghiaccio.
8611	Un uomo con un cappello da baseball e una camicia bianca sta giocando a tennis.
9241	Un uomo in camicia bianca e jeans blu sta facendo un trucco di rollerskating.
4942	Una donna con un vestito rosa che tiene in mano un oggetto di bambù.
11278	Un gruppo di persone che camminano in un mercato.
19624	Un ragazzo in maglietta gialla gioca con un giocattolo.
26615	Un gruppo di bambini gioca a tug-of-war.
19354	Un uomo in camicia bianca e jeans blu sta in piedi e guarda un altro uomo che cammina.
16715	Un uomo in camicia rossa sta scalando una montagna.
13650	Un gruppo di persone che camminano in un mercato di strada.
7912	Un cane bianco e nero che salta in aria per prendere una Frisbee.
14117	Un uomo in bicicletta sta attraversando un ponte.
27250	Un ragazzo in maglietta gialla salta da una scogliera.
2103	Un bambino in piscina che gioca con un giocattolo.
28605	Un uomo con un cappello da baseball e una camicia bianca sta lavorando su un treno.
9042	Un gruppo di persone che si riuniscono in un bar.
21635	Un uomo in bicicletta sta attraversando un ponte.
11906	Un uomo con un cappello da baseball e una camicia bianca sta lavorando ad una.
8412	Un uomo in camicia rossa sta giocando a ping-pong.
12994	Un cane bianco e nero corre attraverso un campo erboso.
10629	Un uomo in camicia bianca sta facendo un pisolino su una panchina.
20932	Un ragazzo in maglietta gialla gioca con un giocattolo.
29916	Un uomo con un cappello da baseball e una camicia nera sta cucinando cibo.
21423	Un gruppo di persone che camminano per strada.
15792	Una donna con un vestito rosa e un cappello da baseball sta sorridendo.
26370	Un uomo con un cappello da baseball e una camicia nera sta cucinando.
29043	Due uomini che giocano a calcio.
21580	Un uomo in camicia bianca sta lavorando ad una struttura di legno.
29862	Un cane bianco e nero che salta in aria per prendere una Frisbee.
19037	Un bambino in maglietta gialla gioca con un giocattolo.
20891	Un gruppo di persone che giocano a calcio.
5240	Un uomo in camicia bianca e cappello da cowboy sta guidando un cavallo.
9308	Un ragazzo in maglietta gialla gioca con un giocattolo.
21219	Un gruppo di persone che camminano in un parco.
24836	Un uomo con un cappello da baseball retrostante sta guardando un altro uomo che sta per fare una foto.
30843	Un uomo in camicia bianca e cappello da baseball è seduto su una panchina.
13724	Un uomo in camicia rossa sta scalando una montagna.
27495	Un uomo in bicicletta sta attraversando un edificio.
10239	Una donna con un vestito rosa che tiene in mano un fiore giallo.
10577	Un cane bianco e nero corre attraverso un campo erboso.
7682	Un uomo in camicia bianca e jeans blu sta facendo una foto.
26984	Un gruppo di persone in piedi su una strada.
9888	Un uomo in camicia bianca sta lavorando su una struttura di legno.
5724	Un cane nero e marrone che salta in una piscina.
30664	Un uomo che corre con un cane al guinzaglio.
5056	Un bambino in maglietta gialla gioca con un giocattolo.
22258	Un cane nero e marrone che salta in una piscina.
13085	Un uomo con un cappello da baseball e una camicia bianca sta lavorando ad una.
4402	Un uomo in bicicletta sta attraversando un ponte.
30674	Un uomo con un cappello da baseball e una camicia bianca sta lavorando ad una.
3437	Un uomo in camicia bianca sta facendo un pisolino.
30660	Un cane bianco e nero che salta in aria per prendere una Frisbee.
16880	Un uomo in camicia bianca sta camminando accanto a un furgone bianco.
11137	Una donna con un vestito rosa che tiene in mano un fiore giallo.
17208	Un uomo con un cappello da baseball e un cappello da baseball è seduto su una sedia pieghevole a un tavolo da picnic.
29480	Un uomo con un cappello da baseball e una camicia bianca sta lavorando ad una scultura di ghiaccio.
12402	Un uomo che corre in un campo.
2265	Un ragazzo in maglietta gialla salta da una scogliera.
20103	Un uomo con un cappello da baseball e una camicia nera sta cucinando.
51	Un ragazzo in maglietta gialla gioca con un giocattolo.
17963	Un uomo in bicicletta sta attraversando un ponte.
17750	Un uomo in camicia bianca sta camminando accanto a un furgone bianco.
19027	Un gruppo di persone che suonano in un gruppo.
27863	Un gruppo di persone che suonano in un gruppo.
12947	Un bambino in maglietta gialla gioca con un giocattolo.
25133	Un uomo con un cappello da baseball retrostante sta guardando un altro uomo che sta per fare una foto.
4748	Un uomo con un cappello da baseball retrostante sta lavorando su un treno.
5330	Un cane bianco e nero corre attraverso un campo erboso.
3972	Un uomo in muta nera sta facendo surf.
22847	Un gruppo di persone che camminano in un mercato di strada.
19609	Una donna con un vestito rosa che tiene in mano un fiore giallo.
8199	Un gruppo di persone che camminano per strada.
17630	Un uomo in muta nera sta facendo surf.
29084	Un ragazzo in maglietta gialla gioca con un giocattolo.
27240	Un uomo con un cappello da baseball e una camicia bianca sta lavorando ad una.
4562	Un uomo con un cappello da baseball e una camicia bianca sta lavorando ad una scultura di ghiaccio.
2113	Un uomo con un cappello da baseball e una camicia bianca sta lavorando su un cartellone.
8364	Un uomo con un cappello da baseball e una camicia bianca sta lavorando ad una scultura di ghiaccio.
22476	Un uomo in camicia bianca sta lavorando su una bicicletta.
20507	Un uomo in bicicletta sporca.
25494	Una donna con un vestito rosa che tiene in mano un fiore giallo.
5867	Un cane nero e marrone che salta in acqua.
15219	Un uomo in camicia rossa sta scalando una montagna.
28827	Un uomo con un cappello da cowboy bianco e un gilet nero sta tagliando un pezzo di legno.
16063	Un uomo in bicicletta sta attraversando un ponte.
15556	Un uomo in muta nera sta facendo surf.
16739	Un uomo con un cappello da baseball e una camicia bianca sta lavorando ad una scultura di ghiaccio.
29250	Un uomo con un cappello da baseball e una camicia bianca sta lavorando ad una scultura di ghiaccio.
22339	Una donna con un vestito rosa che tiene in mano un oggetto di bambù.
2112	Un uomo con un cappello da baseball e una camicia bianca sta giocando a tennis.
25456	Un uomo in camicia rossa sta scalando una montagna.
20248	Un uomo in bicicletta sta attraversando un ponte.
539	Un uomo con un cappello da baseball e una camicia bianca sta lavorando ad una scultura di ghiaccio.
26407	Una donna con un vestito rosa che tiene in mano un fiore giallo.
30503	Due uomini che giocano a calcio.
17194	Un uomo con un cappello da baseball e una camicia nera sta cucinando.
11283	Una donna in camicia bianca e pantaloni neri sta facendo una foto.
4007	Un bambino in maglietta gialla gioca con un giocattolo.
18310	Un ragazzo in maglietta gialla salta da una scogliera.
22098	Un uomo in bicicletta sta attraversando un ponte.
26598	Un uomo in camicia rossa sta scalando una montagna.
17037	Un ragazzo in maglietta gialla gioca con un giocattolo.
22067	Un uomo con un cappello da baseball e una camicia nera sta cucinando.
1023	Un uomo in camicia bianca e pantaloni neri sta facendo una foto.
23345	Un gruppo di persone che camminano per strada.
6002	Un uomo con un cappello da baseball retrostante sta guardando un altro uomo che sta per fare una foto.
23351	Un uomo con un cappello da baseball e una camicia bianca sta lavorando ad una scultura di ghiaccio.
14072	Una donna con un vestito rosa e un cappello da baseball sta giocando a tennis.
12417	Un gruppo di persone che camminano in un parco.
21778	Un uomo in camicia rossa sta scalando una montagna.
27321	Un gruppo di persone che camminano in un mercato.
4367	Un uomo in camicia bianca sta camminando accanto a un muro di mattoni.
30893	Un uomo in camicia bianca e jeans blu sta facendo un trucco di lavoro.
856	Un uomo con un cappello da baseball e una camicia bianca sta lavorando su un treno.
30105	Un uomo in bicicletta sta attraversando un percorso.
8561	Un gruppo di persone che camminano in un mercato.
30111	Un uomo con un cappello da baseball e una camicia bianca sta lavorando ad una scultura di ghiaccio.
20302	Un ragazzo in maglietta gialla gioca con un giocattolo.
26015	Un uomo in bicicletta sta attraversando un edificio.
21544	Un uomo con un cappello da baseball e una camicia bianca sta lavorando ad una scultura di ghiaccio.
8993	Un uomo con un cappello da baseball e una camicia bianca sta lavorando ad una.
21222	Un uomo in maglietta gialla e jeans blu sta giocando a basket.
18448	Un uomo con un cappello da baseball e una camicia bianca sta lavorando ad una scultura di ghiaccio.
27733	Un uomo con un cappello da baseball e un cappello da baseball è seduto su una sedia pieghevole a un tavolo da picnic.
26411	Un gruppo di persone in bicicletta lungo una strada.
26377	Un uomo in camicia rossa sta facendo un trucco di volo.
5441	Un cane nero e marrone che salta in acqua.
5327	Un uomo con un cappello da baseball retrostante sta guardando un altro uomo che sta per fare una foto.
21381	Un gruppo di persone che camminano in un mercato di strada.
1196	Un uomo con un cappello da baseball e una camicia bianca sta lavorando ad una.
29087	Un uomo con un cappello da baseball e una camicia bianca sta lavorando su un cartellone.
29508	Un ragazzo in maglietta gialla gioca con un giocattolo.
6376	Un uomo in bicicletta sta attraversando un edificio.
30065	Un uomo con un cappello da baseball e una camicia bianca sta lavorando ad una.
1343	Un ragazzo in maglietta gialla salta da una scogliera.
16049	Un ragazzo in maglietta gialla gioca con un giocattolo.
28819	Un ragazzo in maglietta gialla che salta da una scogliera.
2851	Un uomo con un cappello da baseball e una camicia nera sta cucinando cibo.
10376	Un gruppo di persone che camminano per strada.
19435	Un uomo con un cappello da baseball e una camicia bianca sta lavorando ad una scultura di ghiaccio.
23965	Un uomo in camicia rossa sta scalando una montagna.
12212	Un gruppo di persone che camminano in un mercato.
9911	Un ragazzo in maglietta gialla gioca con un giocattolo.
16048	Un uomo in bicicletta sporca.
11914	Un uomo con un cappello da baseball e una camicia nera sta suonando una chitarra.
26160	Un ragazzo in maglietta gialla gioca con un giocattolo.
24777	Un uomo in maglietta gialla che gioca a tennis.
2139	Un uomo in camicia bianca sta guidando una bicicletta.
19384	Un uomo in bicicletta sta attraversando un edificio.
23756	Un ragazzo in maglietta gialla gioca con un giocattolo.
9736	Un cane bianco e nero corre attraverso un campo erboso.
9285	Un giocatore di baseball che scivola per prendere una palla.
20934	Un uomo in muta nera sta facendo surf.
8831	Un gruppo di persone che si divertono in un mercato.
19838	Un gruppo di uomini gioca a calcio.
22886	Un uomo in camicia rossa sta scalando una montagna.
27726	Un uomo in maglietta gialla gioca a calcio.
22892	Un ragazzo in maglietta gialla gioca con un giocattolo.
7492	Un gruppo di persone che camminano in un campo.
16458	Un uomo con un cappello da baseball e una camicia bianca sta lavorando su un cartellone.
472	Un ragazzo in maglietta gialla gioca a calcio.
8776	Un uomo con un cappello da baseball e una camicia bianca sta lavorando ad una scultura di ghiaccio.
15186	Un uomo in muta nera sta facendo surf.
23346	Un uomo in bicicletta sta attraversando un edificio.
26969	Un uomo con un cappello da baseball retrostante sta guardando un altro uomo che sta per fare una foto.
12366	Un ragazzo in maglietta gialla gioca con un giocattolo.
19555	Un uomo in camicia bianca sta lavorando su una vecchia macchina.
28978	Un ragazzo in maglietta gialla salta da una scogliera.
670	Un uomo con un cappello da baseball e una camicia bianca sta lavorando ad una scultura di ghiaccio.
7874	Un uomo con un cappello da baseball e una camicia nera sta cucinando.
28005	Un uomo in maglietta gialla gioca a calcio.
20459	Un gruppo di persone che camminano per strada.
23144	Un gruppo di persone che camminano per strada.
26982	Una donna in camicia rossa e pantaloni neri sta facendo una foto.
29354	Un uomo in bicicletta sta attraversando un ponte.
6258	Un gruppo di persone che camminano per strada.
5989	Un gruppo di persone in bicicletta lungo una strada.
28923	Un ragazzo in maglietta gialla gioca con un giocattolo.
11152	Un uomo in camicia bianca e pantaloni khaki sta camminando per strada.
23686	Un uomo con un cappello da baseball e una camicia bianca sta lavorando ad una scultura di ghiaccio.
34	Un cane bianco e nero che salta in aria per prendere una Frisbee.
4881	Un gruppo di persone che camminano in un campo.
2572	Un uomo con un cappello da baseball e una camicia bianca sta lavorando ad una scultura di ghiaccio.
14599	Un uomo con un cappello da baseball e un cappello da baseball è seduto su una panchina.
19724	Un gruppo di persone che giocano a calcio.
15650	Un ragazzo in maglietta gialla gioca con un giocattolo.
22956	Un uomo in bicicletta sta attraversando un edificio.
3724	Un uomo in muta nera sta facendo surf.
7542	Un uomo con un cappello da baseball e un cappello da baseball è seduto su una panchina.
22163	Un uomo con un cappello da baseball e un cappello da baseball è seduto su una sedia pieghevole a un tavolo da picnic.
28328	Un uomo con un cappello da baseball e una camicia nera sta suonando una chitarra.
30201	Un uomo in bicicletta sta attraversando un ponte.
2412	Un bambino in maglietta gialla gioca con un giocattolo.
7581	Un uomo con un cappello da baseball e una camicia bianca sta lavorando ad una scultura di ghiaccio.
17669	Un uomo in camicia rossa sta scalando una montagna.
10106	Un uomo con un cappello da baseball e una camicia bianca sta lavorando ad una.
12077	Un ragazzo in maglietta gialla gioca a calcio.
19122	Un bambino in maglietta gialla gioca con un giocattolo.
17655	Un uomo con un cappello da baseball retrostante sta suonando una chitarra.
20562	Un uomo con un cappello da baseball e una camicia bianca sta lavorando ad una scultura di ghiaccio.
18994	Un uomo con un cappello da baseball e una camicia bianca sta lavorando su un cartellone.
1480	Un uomo in maglietta gialla che gioca a tennis.
18764	Un uomo in camicia bianca e jeans blu sta facendo un pisolino su una panchina.
7973	Un uomo in bicicletta sta attraversando un edificio.
26846	Un uomo con un cappello da baseball e una camicia bianca sta lavorando ad una scultura di ghiaccio.
30942	Un uomo in camicia nera che lavora in un negozio di torte.
30943	Un ragazzo in maglietta gialla gioca con un giocattolo.
21696	Un uomo in bicicletta sta attraversando un ponte.
23724	Un ragazzo in maglietta gialla gioca con un giocattolo.
5618	Un uomo con un cappello da baseball retrostante sta guardando un altro uomo che sta per fare una presentazione.
21127	Un gruppo di persone in bicicletta lungo una strada.
20946	Un uomo in camicia bianca e jeans blu sta facendo un trucco di lavoro.
11219	Un uomo in camicia bianca sta facendo un trucco di rollerskating.
23240	Un uomo con un cappello da baseball retrostante sta guardando un altro uomo che sta per fare una foto.
6661	Un uomo in camicia bianca e pantaloni khaki sta giocando a tennis.
11423	Un cane nero e marrone che salta in acqua.
20832	Un uomo in bicicletta sta attraversando un ponte.
17708	Un gruppo di persone che camminano per strada.
16416	Un uomo in bicicletta sta attraversando un edificio.
6067	Un uomo con un cappello da baseball e una camicia bianca sta lavorando su un pezzo di legno.
9354	Un uomo con un cappello da baseball e una camicia bianca sta lavorando su un pezzo di tessuto.
22994	Un gruppo di persone che camminano in un mercato.
24315	Un uomo in bicicletta sta attraversando un edificio.
17250	Un gruppo di persone che camminano in un mercato.
13744	Un uomo con un cappello da baseball e un cappello da baseball è seduto su una panchina.
16600	Un uomo con un cappello da baseball e una camicia bianca sta lavorando ad una scultura di ghiaccio.
9803	Un uomo in camicia rossa sta scalando una montagna.
2956	Un uomo con un cappello da baseball e una camicia bianca sta lavorando ad una scultura di ghiaccio.
23863	Un uomo in camicia bianca sta lavorando su una bicicletta.
15309	Un uomo con un cappello da baseball e una camicia nera sta cucinando.
28063	Un bambino in maglietta gialla gioca con un giocattolo.
16199	Un uomo con un cappello da baseball e una camicia bianca sta lavorando ad una.
25235	Un uomo con un cappello da baseball e una camicia nera sta cucinando.
13977	Un cane nero e marrone che salta in acqua.
8274	Un uomo in camicia bianca e jeans blu sta facendo un trucco di lavoro.
7153	Un uomo in camicia rossa sta scalando una montagna.
199	Un uomo con un cappello da baseball retrostante sta guardando un altro uomo che sta per fare una foto.
18820	Un uomo in maglietta gialla gioca a tennis.
3451	Un cane nero e marrone che salta in acqua.
29357	Un uomo in bicicletta sta attraversando un ponte.
13785	Un cane bianco e nero che salta in aria per prendere una Frisbee.
29380	Un bambino in maglietta gialla gioca con un giocattolo.
14773	Una donna con un vestito rosa che tiene in mano un fiore giallo.
27391	Un uomo con un cappello da baseball e un cappello da baseball è seduto su una panchina.
4882	Un ragazzo in maglietta gialla gioca con un giocattolo.
1044	Un uomo in camicia bianca sta facendo un pisolino.
27636	Un uomo in maglietta gialla gioca a calcio.
3109	Una donna con un vestito rosa e un cappello da baseball sta giocando a tennis.
25753	Un bambino in maglietta gialla gioca con un giocattolo.
9342	Un uomo con un cappello da baseball e un cappello da baseball è seduto su una sedia pieghevole a un tavolo da picnic.
24277	Un uomo con un cappello da baseball e una camicia bianca sta lavorando su un cartellone.
20005	Un uomo in camicia bianca e jeans blu sta facendo un trucco di lavoro.
12706	Un ragazzo in maglietta gialla salta da una roccia.
3082	Un uomo in camicia rossa sta scalando una montagna.
10663	Un uomo in camicia rossa sta scalando una montagna.
22835	Un uomo con un cappello da baseball e una camicia bianca sta lavorando su una tela.
17483	Un bambino in maglietta gialla gioca con un giocattolo.
17497	Un uomo in camicia rossa sta scalando una montagna.
13197	Un uomo con un cappello da baseball e una camicia bianca sta lavorando ad una scultura di ghiaccio.
4510	Un cane bianco e nero che salta in acqua.
2161	Un uomo con un cappello da baseball e una camicia bianca sta lavorando ad una scultura di ghiaccio.
748	Un gruppo di persone che camminano in un mercato.
16004	Un uomo in bicicletta sta attraversando un percorso.
17468	Un uomo con un cappello da baseball retrostante sta guardando un altro uomo che sta per fare una presentazione.
16010	Un uomo in camicia rossa sta facendo un salto in aria.
16992	Un uomo con un cappello da baseball e un cappello da baseball è seduto su una sedia pieghevole a un tavolo da picnic.
22389	Un uomo in camicia bianca e pantaloni khaki sta facendo una foto.
760	Un uomo con un cappello da baseball retrostante sta lavorando su una macchina.
19478	Un gruppo di persone che camminano per strada.
18028	Un uomo in camicia rossa sta scalando una montagna.
6306	Un uomo con un cappello da baseball e una camicia bianca sta giocando a tennis.
9592	Un gruppo di persone che camminano in un mercato.
23280	Un uomo in camicia bianca e pantaloni khaki sta giocando a ping-pong.
29791	Una donna in bikini che gioca a tennis.
7597	Un ragazzo in maglietta gialla gioca con un giocattolo.
3097	Un cane nero e marrone che salta in acqua.
25626	Un gruppo di persone che camminano in un parco.
28470	Un uomo con un cappello da baseball e una camicia nera sta cucinando.
2410	Un uomo con un cappello da baseball e una camicia bianca sta lavorando ad una scultura di ghiaccio.
9223	Un ragazzo in maglietta gialla gioca con un giocattolo.
27025	Una donna con un vestito rosa che tiene in mano un fiore giallo.
22613	Un gruppo di persone che camminano in un mercato.
5343	Un cane nero e marrone che salta in acqua.
9579	Un uomo in bicicletta sta attraversando un ponte.
17045	Un uomo in camicia bianca sta lavorando su una struttura di legno.
14558	Un uomo in camicia bianca sta facendo un pisolino su una panchina.
29197	Una donna con un vestito rosa che tiene in mano un fiore giallo.
14570	Un uomo con un cappello da baseball e una camicia bianca sta lavorando ad una scultura di ghiaccio.
27804	Due uomini che giocano a calcio.
22968	Un uomo in maglietta gialla e jeans blu sta giocando a basket.
10925	Un ragazzo in maglietta gialla gioca con un giocattolo.
15875	Un uomo in camicia blu e pantaloni grigi sta lavorando su un tetto.
1723	Un uomo in camicia rossa sta scalando una montagna.
29632	Un ragazzo in maglietta gialla gioca con un giocattolo.
19929	Un uomo con un cappello da baseball e una camicia bianca sta lavorando ad una scultura di ghiaccio.
615	Un uomo in bicicletta sporca.
1284	Un ragazzo in maglietta gialla salta da una scogliera.
2955	Un uomo in bicicletta sta attraversando un ponte.
14941	Un gruppo di persone che camminano in un mercato.
4317	Un uomo in camicia blu e jeans sta facendo un trucco di legno.
29424	Un uomo in bicicletta sta attraversando un sentiero.
4313	Un ragazzo in maglietta gialla salta da una scogliera.
26049	Un uomo in bicicletta sta attraversando una strada.
25554	Un uomo con un cappello da baseball e una camicia bianca sta lavorando ad una.
5743	Un uomo con un cappello da baseball e una camicia bianca sta giocando a tennis.
8267	Un uomo in camicia bianca sta lavorando su una struttura di legno.
29352	Un uomo in maglietta gialla che gioca a tennis.
5970	Un cane bianco e nero che salta in aria per prendere una Frisbee.
25583	Un ragazzo in maglietta gialla che salta da una scogliera.
5964	Un gruppo di persone che si divertono in un mercato.
19508	Un uomo in bicicletta sta attraversando un edificio.
12475	Un uomo con un cappello da baseball e una giacca nera che cammina per strada.
4663	Una donna in camicia rossa e pantaloni neri sta giocando a tennis.
21530	Un uomo con un cappello da baseball e una camicia nera sta cucinando.
29636	Un uomo in camicia bianca sta lavorando su una vecchia macchina.
3130	Un uomo con un cappello da baseball e una camicia bianca sta lavorando ad una.
5541	Una donna con un vestito rosa che tiene in mano un fiore giallo.
20821	Un gruppo di uomini gioca a calcio.
17733	Un uomo con un cappello da baseball e una camicia bianca sta lavorando ad una.
22788	Un gruppo di persone che camminano per strada.
25795	Un uomo in camicia bianca e jeans blu sta facendo un trucco di lavoro.
6921	Un gruppo di persone che camminano per strada.
3078	Un ragazzo in maglietta gialla salta da una scogliera.
30549	Un uomo in camicia rossa sta giocando a golf.
23509	Un uomo con un cappello da baseball retrostante sta guardando un altro uomo che sta per fare una foto.
17121	Un gruppo di persone che camminano in un mercato.
3087	Un uomo in camicia bianca e pantaloni neri sta camminando per strada.
17109	Un uomo con un cappello da baseball e una camicia bianca sta guardando un altro uomo che indossa una maglietta bianca.
10666	Un uomo con un cappello da baseball e una camicia bianca sta lavorando su un treno.
4501	Un bambino in maglietta gialla gioca con un giocattolo.
28662	Un uomo sta guidando un cavallo mentre un altro cerca di.
18979	Un cane bianco e nero corre attraverso un campo erboso.
28879	Un uomo in maglietta gialla e jeans blu sta facendo un trucco di rollerskating.
7791	Un cane nero e marrone che salta in una piscina.
14164	Un uomo in camicia rossa sta scalando una montagna.
16773	Un uomo in camicia bianca e jeans blu sta in piedi e guarda un altro uomo che cammina.
11747	Un cane nero e marrone che salta in acqua.
16996	Un uomo con un cappello da baseball e un cappello da baseball è seduto su una sedia pieghevole a un tavolo da picnic.
9959	Un uomo in maglietta gialla gioca a calcio.
28139	Un uomo con un cappello da baseball retrostante sta suonando una chitarra.
28893	Un gruppo di persone che camminano per strada.
24071	Un uomo in camicia bianca e pantaloni neri sta camminando per strada.
21121	Un uomo con un cappello da baseball e una camicia bianca sta lavorando ad una.
19643	Un uomo in bicicletta sta attraversando un edificio.
228	Un uomo con un cappello da baseball e una camicia nera sta cucinando.
17652	Un gruppo di persone in bicicletta lungo una strada.
12058	Un uomo sta guidando un cavallo mentre un altro uomo lo segue.
1646	Un gruppo di persone che giocano a calcio.
2429	Un uomo in maglietta gialla che gioca a tennis.
23252	Un uomo in camicia bianca sta camminando accanto a un furgone bianco.
25637	Un uomo con un cappello da baseball e una camicia bianca sta lavorando ad una.
4879	Un ragazzo in maglietta gialla gioca con un giocattolo.
8070	Una donna con un vestito rosa che tiene in mano un fiore giallo.
27168	Un ragazzo in maglietta gialla gioca con un giocattolo.
22776	Un uomo in camicia rossa sta facendo un trucco di volo.
19910	Un uomo in camicia bianca sta lavorando su una vecchia macchina.
10920	Un uomo in bicicletta sporca.
2788	Un uomo con un cappello da baseball e una camicia nera sta cucinando cibo.
21900	Un uomo con un cappello da cowboy bianco sta dormendo su una panchina.
19247	Un uomo in camicia bianca e cappello da baseball è in piedi su un marciapiede.
22548	Un cane nero e marrone che salta in acqua.
8528	Un ragazzo in maglietta gialla gioca con un giocattolo.
25541	Un uomo con un cappello da baseball e una camicia bianca sta lavorando ad una scultura di ghiaccio.
28067	Un uomo in bicicletta sta attraversando un percorso.
21725	Un gruppo di persone in bicicletta lungo una strada.
7631	Un gruppo di persone che camminano in un mercato.
16638	Un uomo con un cappello da baseball e un cappello da baseball è seduto su una sedia pieghevole a leggere un libro.
15457	Un uomo in camicia rossa sta scalando una montagna.
24846	Un uomo in camicia rossa sta scalando una montagna.
19523	Un uomo in bicicletta sta attraversando un ponte.
10088	Un uomo in camicia bianca e jeans blu sta facendo una foto.
12853	Un gruppo di persone che camminano in un campo.
17903	Un uomo con un cappello da cowboy bianco e un gilet nero sta tagliando un pezzo di legno.
26512	Un uomo in bicicletta sta attraversando un ponte.
25	Un uomo con un cappello da baseball e una camicia bianca sta lavorando ad una scultura di ghiaccio.
22953	Un gruppo di persone che camminano in un campo.
5581	Un uomo in bicicletta sporca.
27817	Un uomo con un cappello da baseball e una camicia bianca sta giocando a tennis.
5595	Un uomo con un cappello da baseball e una camicia bianca sta lavorando ad una.
20981	Un uomo in camicia rossa sta scalando una montagna.
27988	Un uomo con un cappello da baseball retrostante sta guardando un altro uomo che sta per fare una foto.
12927	Un cane nero e marrone sta saltando in una piscina.
21335	Un uomo in camicia bianca e jeans blu sta facendo un trucco di lavoro.
8674	Un ragazzo in maglietta gialla gioca con un giocattolo.
24271	Una donna con un vestito rosa che tiene in mano un fiore giallo.
24517	Un uomo in bicicletta sta attraversando un percorso.
15047	Un ragazzo in maglietta gialla salta da una scogliera.
7584	Un uomo in camicia bianca e cappello da baseball è in piedi su una piattaforma di legno.
28661	Un uomo con un cappello da baseball e una camicia bianca sta lavorando ad una.
14832	Un cane nero e marrone che salta in acqua.
28113	Un ragazzo in maglietta gialla gioca con un giocattolo.
20229	Un uomo in camicia bianca e cappello da cowboy sta guidando un cavallo.
2615	Una donna con un vestito rosa che balla.
28885	Un bambino in maglietta gialla gioca con un giocattolo.
3245	Un surfista in muta nera cattura un'onda.
7962	Un uomo con un cappello da baseball e una camicia bianca sta lavorando ad una struttura di legno.
9797	Un uomo con un cappello da baseball e una camicia bianca sta lavorando ad una.
23091	Un uomo con un cappello da cowboy bianco sta lavorando su un tetto.
5807	Un uomo con un cappello da baseball e una camicia bianca sta lavorando su un cartellone.
26843	Un uomo in camicia bianca sta camminando accanto a un negozio di alimentari.
5621	Un ragazzo in maglietta gialla gioca con un giocattolo.
7750	Un cane bianco e nero che salta in aria per prendere una Frisbee.
11963	Un uomo in bicicletta sporca.
2600	Un uomo in bicicletta sta attraversando un ponte.
10499	Un uomo con un cappello da baseball e una camicia bianca sta giocando a un gioco di carnevale.
6300	Un uomo con un cappello da baseball e una camicia bianca sta lavorando su un cartellone.
11234	Un uomo con un cappello da baseball e un cappello da baseball è seduto su una panchina.
565	Una donna con un vestito rosa che tiene in mano un fiore giallo.
20016	Un uomo con un cappello da baseball e una camicia bianca sta lavorando ad una scultura di ghiaccio.
29754	Un ragazzo in maglietta gialla gioca con un giocattolo.
19867	Un uomo in bicicletta sta attraversando un ponte.
29185	Un ragazzo in maglietta gialla salta da una scogliera.
5580	Un uomo con un cappello da baseball e una camicia bianca sta lavorando ad una scultura di ghiaccio.
17731	Un uomo in camicia bianca sta lavorando su una struttura di legno.
17057	Un uomo con un cappello da baseball e una camicia bianca sta lavorando ad una.
13543	Un bambino che gioca con un giocattolo.
24476	Un uomo in camicia rossa sta facendo un trucco di legno.
13580	Un uomo con un cappello da baseball retrostante sta guardando un altro uomo che sta per fare una foto.
29608	Un uomo con un cappello da baseball e una camicia nera sta suonando una chitarra.
11618	Un cane nero e marrone che salta in acqua.
12305	Un ragazzo in maglietta gialla gioca con un giocattolo.
11624	Un uomo in bicicletta sta attraversando un percorso.
17533	Un uomo con un cappello da baseball e una camicia nera sta cucinando.
26922	Un uomo in bicicletta sporca.
9609	Un gruppo di persone che giocano a calcio.
28066	Un uomo in bicicletta sta attraversando un edificio.
10124	Un ragazzo in maglietta gialla gioca con un giocattolo.
19896	Un uomo in camicia bianca sta guidando una bicicletta.
972	Un ragazzo in maglietta gialla sta nuotando sott'acqua.
22425	Un uomo in muta nera sta facendo surf.
8337	Un uomo in camicia bianca e jeans blu sta facendo un trucco di lavoro.
25376	Un ragazzo in maglietta gialla gioca con un giocattolo.
22419	Un cane nero e marrone che salta in una piscina.
7986	Una donna in camicia rossa e pantaloni neri sta giocando a tennis.
23713	Un uomo in bicicletta sta attraversando un ponte.
11979	Un uomo con un cappello da baseball e una camicia nera sta cucinando.
8486	Un cane bianco e nero corre attraverso un campo erboso.
14626	Un uomo con un cappello da baseball e una camicia bianca sta lavorando ad una.
2197	Due uomini che giocano a calcio.
5835	Un uomo con un cappello da baseball e un cappello da baseball è seduto su una sedia pieghevole a un tavolo da picnic.
16018	Un uomo in bicicletta sporca.
10469	Un surfista in muta nera cattura un'onda.
754	Un ragazzo in maglietta gialla gioca con un giocattolo.
19471	Un uomo con un cappello da baseball e un cappello da baseball è seduto su una sedia pieghevole a un tavolo da picnic.
3539	Un uomo con un cappello da baseball e una camicia bianca sta lavorando ad una scultura di ghiaccio.
21105	Un gruppo di persone che camminano in un mercato.
8322	Un gruppo di persone che si divertono in un mercato.
973	Un ragazzo in maglietta gialla gioca con un giocattolo.
5160	Un cane nero e marrone che salta in acqua.
1306	Un ragazzo in maglietta gialla gioca con un giocattolo.
15061	Una donna in camicia rossa e pantaloni neri sta facendo una foto.
11207	Un uomo in bicicletta sta attraversando un ponte.
6694	Un uomo con un cappello da baseball retrostante sta guardando un altro uomo che sta per fare una foto.
25820	Un uomo con un cappello da baseball e una camicia bianca sta lavorando su un cartellone.
7549	Un uomo in muta nera sta facendo surf.
10858	Un gruppo di persone che camminano per strada.
30236	Un gruppo di persone che corrono in bicicletta.
26440	Un uomo con un cappello da baseball e una camicia bianca sta lavorando su una rete.
25149	Un uomo con un cappello da baseball e una camicia nera sta cucinando cibo.
18425	Un uomo in camicia rossa sta facendo un trucco di rollerskating.
19075	Un gruppo di persone che si divertono in un mercato.
18419	Un uomo in bicicletta sta attraversando un ponte.
2551	Un uomo e una donna stanno mangiando.
8054	Un uomo con un cappello da baseball e un cappello da baseball è seduto su una sedia pieghevole a un tavolo da picnic.
18155	Un uomo con un cappello da baseball e una camicia nera sta cucinando.
20390	Un uomo in camicia blu e jeans sta camminando accanto a un furgone bianco.
19277	Un uomo con un cappello da baseball retrostante sta guardando un altro uomo che sta per salire su un treno.
19263	Un ragazzo in maglietta gialla gioca con un giocattolo.
14974	Un uomo e una donna stanno insieme in una stanza con un muro di mattoni.
28041	Un gruppo di persone in bicicletta lungo una strada.
3459	Un uomo in camicia bianca e jeans blu sta facendo un trucco di lavoro.
26050	Un uomo sta guidando un cavallo.
23128	Un cane bianco e nero che salta in aria per prendere una Frisbee.
22554	Un uomo in camicia nera che lavora in un negozio di torte.
17510	Un uomo con un cappello da baseball e un cappello da baseball è seduto su una sedia pieghevole a un tavolo da picnic.
13992	Un ragazzo in maglietta gialla gioca con un giocattolo.
15878	Un uomo in camicia rossa sta scalando una montagna.
25763	Un uomo con un cappello da baseball e un cappello da baseball è seduto su una panchina.
12865	Un uomo in bicicletta sta attraversando un ponte.
6733	Una donna in bikini e occhiali da sole che nuota in una piscina.
16395	Un uomo in camicia blu e pantaloni grigi sta lavorando su un tetto.
26256	Un uomo con un cappello da baseball e una camicia nera sta cucinando.
14582	Un uomo con un cappello da baseball e una camicia bianca sta lavorando ad una scultura di ghiaccio.
25987	Un cane bianco e nero che salta in aria per prendere una Frisbee.
24327	Un gruppo di persone in bicicletta lungo una strada.
14596	Un uomo in bicicletta sta attraversando un ponte.
16381	Un uomo con un cappello da baseball retrostante sta guardando un altro uomo che sta per salire su un treno.
340	Un uomo in camicia rossa sta scalando una montagna.
11363	Un gruppo di persone che suonano in un gruppo.
29830	Un uomo in maglietta gialla gioca a tennis.
19071	Un uomo in camicia rossa sta scalando una montagna.
24535	Un uomo in muta nera sta facendo surf.
3703	Una donna con un vestito rosa che tiene in mano un fiore giallo.
24521	Un uomo in camicia bianca sta giocando a tennis.
29944	Un uomo in camicia rossa sta scalando una montagna.
22193	Un uomo in camicia rossa sta scalando una montagna.
23070	Un uomo in camicia nera che lavora in un negozio di torte.
9776	Un uomo con un cappello da baseball e una camicia bianca sta lavorando ad una scultura di ghiaccio.
9979	Un ragazzo in maglietta gialla gioca con un giocattolo.
28694	Un uomo in bicicletta sporca.
13170	Un uomo in maglietta gialla sta facendo un salto in aria.
12508	Un uomo sta guidando un cavallo mentre un altro cerca di.
6486	Un uomo in bicicletta sta attraversando un edificio.
30781	Un gruppo di persone che giocano a calcio.
20592	Un uomo in maglietta gialla sta giocando a tennis.
9978	Un uomo in camicia bianca sta camminando accanto a un negozio di alimentari.
3500	Una donna con un vestito rosa che tiene in mano un fiore giallo.
5171	Un uomo che fa surf in acqua.
9039	Un cane bianco e nero che salta in aria per prendere una Frisbee.
7996	Un ragazzo in maglietta gialla sta nuotando sott'acqua.
23065	Un ragazzo in maglietta gialla gioca con un giocattolo.
14434	Un cane bianco e nero corre attraverso un campo erboso.
8870	Un bambino in maglietta gialla gioca con un giocattolo.
17673	Un uomo con un cappello da baseball retrostante sta suonando una chitarra.
25819	Un uomo con un cappello da baseball e una camicia bianca sta lavorando ad una.
22145	Un ragazzo in maglietta gialla gioca con un giocattolo.
29010	Un uomo con un cappello da baseball e una camicia bianca sta lavorando ad una scultura di ghiaccio.
10691	Un uomo con un cappello da baseball e una camicia bianca sta lavorando ad una.
30384	Un uomo in maglietta gialla sta giocando a tennis.
10732	Un uomo in camicia bianca e jeans blu sta facendo un trucco di rollerskating.
15138	Un uomo in bicicletta sta attraversando una strada.
10097	Un uomo in bicicletta sta attraversando un edificio.
20154	Un uomo con un cappello da cowboy sta un cavallo.
6068	Un uomo con un cappello da baseball e una camicia bianca sta lavorando ad una scultura di ghiaccio.
25986	Un uomo in muta nera sta facendo surf.
25776	Un uomo in camicia bianca sta guidando una bicicletta.
8079	Un uomo sta guidando un cavallo.
21510	Un uomo in camicia bianca e jeans blu sta facendo un trucco di lavoro.
28246	Un uomo in camicia rossa sta giocando a tennis.
15448	Un gruppo di persone che camminano in un campo.
12441	Un uomo con un cappello da baseball e un cappello da baseball è seduto su una sedia pieghevole a un tavolo da picnic.
10242	Un gruppo di persone che si divertono a un tavolo.
23850	Un gruppo di persone che giocano a bagpi.
5763	Un ragazzo in maglietta gialla sta nuotando sott'acqua.
6242	Un uomo in camicia bianca sta lavorando su una struttura di legno.
6532	Un uomo in bicicletta sta attraversando un ponte.
828	Un uomo in camicia rossa sta scalando una montagna.
23107	Un uomo in camicia bianca e pantaloni khaki sta giocando a tennis.
3476	Una donna con un vestito rosa che tiene in mano un fiore giallo.
29364	Un uomo che corre in un campo.
6283	Un gruppo di persone che camminano in un mercato di strada.
18146	Un uomo con un cappello da baseball e una camicia bianca sta lavorando ad una.
26094	Un uomo in maglietta gialla gioca a calcio.
22594	Un cane bianco e nero corre attraverso un campo erboso.
16631	Un uomo in bicicletta sta attraversando un ponte.
3648	Un uomo con un cappello da baseball retrostante sta guardando un altro uomo che sta per fare una foto.
22755	Un uomo in camicia rossa sta facendo un salto in aria.
15674	Un uomo con un cappello da baseball e un cappello da baseball è seduto su una panchina.
11374	Una donna con un vestito rosa che balla.
8084	Un cane bianco e nero corre attraverso un campo erboso.
24495	Un uomo in bicicletta sta attraversando un edificio.
12133	Un uomo in bicicletta sta attraversando un ponte.
1895	Un uomo con un cappello da baseball e una camicia bianca sta lavorando ad una scultura di ghiaccio.
30557	Un uomo in camicia bianca e jeans blu sta facendo un trucco di lavoro.
1117	Un ragazzo in maglietta gialla gioca con un giocattolo.
24244	Un uomo con un cappello da baseball retrostante sta suonando una chitarra.
10693	Una donna con un vestito rosa che tiene in mano un fiore giallo.
12084	Un uomo in camicia bianca e pantaloni khaki sta facendo una foto.
8872	Un cane nero e marrone che salta in acqua.
13417	Un uomo in camicia rossa sta scalando una montagna.
12053	Un gruppo di persone che camminano in un deserto.
9013	Un uomo con un cappello da baseball retrostante sta suonando una chitarra.
6334	Un cane bianco e nero che salta in aria per prendere una Frisbee.
26645	Un uomo in camicia rossa sta facendo un trucco di legno.
18998	Un gruppo di persone che camminano in un mercato.
16989	Un uomo con un cappello da baseball retrostante sta guardando un altro uomo che sta per fare una foto.
13629	Un ragazzo in maglietta gialla gioca con un giocattolo.
12245	Un uomo con un cappello da baseball e una camicia bianca sta lavorando ad una.
23098	Un uomo con un cappello da baseball e una camicia bianca sta lavorando ad una.
28873	Un gruppo di persone che giocano a calcio.
23099	Un gruppo di persone che si divertono a cena.
22387	Un uomo in camicia nera che lavora in un negozio di torte.
10490	Un uomo con un cappello da baseball e un cappello da baseball è seduto su una panchina.
12293	Un uomo con un cappello da baseball e una camicia bianca sta lavorando su un pezzo di tessuto.
21498	Un gruppo di persone che camminano in un mercato di strada.
29952	Un gruppo di persone che camminano in un mercato di strada.
222	Un gruppo di persone in bicicletta lungo una strada.
15067	Un uomo in camicia rossa sta scalando una montagna.
28480	Un ragazzo in maglietta gialla gioca con un giocattolo.
26446	Un uomo con un cappello da baseball e una camicia bianca sta lavorando su un cartellone.
10692	Un uomo che fa arrampicarsi su un albero.
30542	Un ragazzo in maglietta gialla gioca con un giocattolo.
3701	Un cane bianco e nero che salta in aria per prendere una Frisbee.
8654	Un uomo in camicia rossa sta scalando una montagna.
23502	Un gruppo di bambini gioca con un giocattolo.
21301	Un uomo con un cappello da baseball e una camicia bianca sta lavorando ad una scultura di ghiaccio.
6645	Un uomo in camicia bianca sta lavorando su una struttura di legno.
25952	Un uomo con un cappello da baseball e una camicia bianca sta lavorando ad una scultura di ghiaccio.
14231	Un gruppo di persone che camminano in un mercato.
24457	Un uomo con un cappello da baseball e una camicia bianca sta lavorando ad una scultura di ghiaccio.
22998	Un gruppo di persone che camminano in un mercato di strada.
8708	Una donna con un vestito rosa che tiene in mano un fiore giallo.
29629	Un uomo in bicicletta sta attraversando un edificio.
395	Un uomo in camicia bianca e jeans blu sta in piedi e guarda un altro uomo che cammina.
13990	Un cane bianco e nero che salta in acqua.
5947	Un cane bianco e nero che salta in aria per prendere una Frisbee.
14796	Un gruppo di persone che camminano in un mercato.
5760	Una donna con un vestito rosa che tiene in mano un fiore giallo.
7639	Una donna con un vestito rosa che tiene in mano un fiore giallo.
4343	Un cane bianco e nero che salta in aria per prendere una Frisbee.
2054	Un uomo con un cappello da baseball retrostante sta guardando un altro uomo che sta per fare una foto.
9673	Un gruppo di persone che camminano in un mercato.
24829	Un uomo in camicia rossa sta scalando una montagna.
133	Un gruppo di persone che camminano in un mercato.
15410	Un uomo in maglietta gialla che gioca a tennis.
20656	Un ragazzo in maglietta gialla gioca con un giocattolo.
15809	Un uomo con un cappello da baseball e una camicia nera sta suonando una chitarra.
1987	Un bambino in maglietta gialla gioca con un giocattolo.
17978	Un uomo con un cappello da baseball e una camicia bianca sta lavorando su un cartellone.
19772	Un gruppo di persone che si divertono in un mercato.
16455	Un uomo in camicia bianca sta lavorando su una vecchia macchina.
89	Un uomo in bicicletta sta attraversando un percorso.
6781	Un uomo in camicia rossa sta scalando una montagna.
279	Un ragazzo in maglietta gialla gioca con un giocattolo.
19174	Un uomo con un cappello da cowboy bianco sta lavorando su un tetto.
17603	Un uomo con un cappello da baseball e una camicia bianca sta giocando a tennis.
22860	Un uomo in bicicletta sta attraversando un percorso.
11514	Un uomo in camicia rossa sta camminando in un campo di grano.
7702	Un bambino in piscina che gioca con un giocattolo.
906	Un uomo con un cappello da baseball retrostante sta lavorando su una bicicletta.
1401	Un uomo in bicicletta sporca.
16938	Un uomo in camicia nera che lavora in un negozio di torte.
25470	Una donna con un vestito rosa che balla.
25316	Un bambino in maglietta gialla gioca con un giocattolo.
14134	Un uomo con un cappello da cowboy bianco sta guidando un cavallo.
9908	Un ragazzo in maglietta gialla salta da una scogliera.
5854	Un uomo con un cappello da baseball e un cappello da baseball è seduto su una sedia pieghevole a un tavolo da picnic.
24974	Un gruppo di persone che camminano per strada.
734	Un uomo in bicicletta sta attraversando un ponte.
2690	Un ragazzo in maglietta gialla gioca con un giocattolo.
2848	Un gruppo di persone che giocano a calcio in un campo.
22478	Un uomo in camicia bianca e jeans blu sta facendo un trucco di lavoro.
9074	Un uomo in camicia bianca sta facendo un pisolino su una panchina.
14690	Un uomo in camicia bianca e jeans blu sta facendo un trucco di lavoro.
10390	Un uomo con un cappello da baseball e una camicia nera sta cucinando cibo.
6192	Un gruppo di persone che camminano in un mercato di strada.
13302	Un uomo in camicia bianca sta lavorando su una struttura di legno.
14479	Un bambino in maglietta gialla gioca con un giocattolo.
14337	Un uomo con un cappello da baseball e una camicia bianca sta lavorando ad una.
19834	Un uomo in bicicletta sta attraversando un edificio.
24545	Un uomo in camicia bianca sta lavorando su una vecchia macchina.
26352	Un uomo con un cappello da baseball e una camicia bianca sta lavorando su un cartellone.
12949	Un uomo in bicicletta sta attraversando un edificio.
13276	Un cane bianco e nero corre attraverso un campo erboso.
3834	Un uomo sta guidando un cavallo mentre un altro uomo lo segue.
318	Un uomo con un cappello da baseball retrostante sta suonando una chitarra.
20858	Un uomo in camicia bianca sta guidando un cavallo.
4801	Un uomo sta lavorando ad una macchina da cucire.
6031	Un uomo in bicicletta sta attraversando un edificio.
24425	Un uomo in bicicletta sta attraversando un edificio.
15834	Un uomo in camicia rossa sta facendo un pisolino.
17945	Un uomo in bicicletta sta attraversando un ponte.
654	Un uomo con un cappello da baseball e una camicia bianca sta guardando un altro uomo che indossa una maglietta bianca.
12356	Un cane nero e marrone che salta in acqua.
16124	Un uomo in bicicletta sta attraversando un ponte.
16871	Un uomo con un cappello da baseball retrostante sta suonando una chitarra.
24169	Un uomo con un cappello da cowboy bianco e un cappello da baseball è seduto su una panchina.
30652	Un gruppo di persone che camminano in un campo.
1206	Un uomo con un cappello da baseball e una camicia bianca sta lavorando ad una.
1576	Un uomo in bicicletta sporca.
29301	Un uomo in camicia bianca sta camminando accanto a un muro di mattoni.
22254	Un gruppo di persone che camminano per strada.
20457	Una donna con un vestito rosa che tiene in mano un oggetto di bambù.
26998	Un uomo in camicia bianca sta guidando una bicicletta.
124	Un gruppo di persone che camminano in un mercato di strada.
9328	Un uomo con un cappello da baseball e una camicia bianca sta lavorando ad una.
22042	Un gruppo di persone che si riuniscono in un bar.
1984	Un uomo con un cappello da baseball e una camicia nera sta cucinando.
20682	Un uomo con un cappello da baseball e un cappello da baseball è seduto su una panchina.
6796	Un uomo in bicicletta sta attraversando un edificio.
14490	Un uomo con un cappello da baseball e una camicia bianca sta lavorando su una tela.
3771	Un uomo in camicia bianca sta camminando accanto a un muro di mattoni.
20709	Un uomo con un cappello da baseball e una camicia bianca sta giocando a tennis.
22678	Un uomo in bicicletta sta attraversando un ponte.
9506	Un uomo con un cappello da cowboy bianco e un gilet nero sta tagliando un pezzo di legno.
9274	Un uomo con un cappello da baseball e un cappello da baseball è seduto su una panchina.
14453	Una donna con un vestito rosa che tiene in mano un fiore giallo.
30283	Un ragazzo in maglietta gialla gioca con un giocattolo.
15759	Un uomo con un cappello da baseball e una camicia bianca sta lavorando ad una scultura di ghiaccio.
26393	Un ragazzo in maglietta gialla gioca con un giocattolo.
246	Un uomo con un cappello da baseball e una camicia bianca sta lavorando ad una scultura di ghiaccio.
19639	Un uomo in bicicletta sta attraversando un edificio.
1833	Un cane bianco e nero che salta in aria per prendere una Frisbee.
520	Un uomo con un cappello da baseball e una camicia nera sta suonando una chitarra.
23758	Un uomo con un cappello da baseball e un cappello da baseball è seduto su una panchina.
22334	Un uomo con un cappello da baseball retrostante sta suonando una chitarra.
1358	Un ragazzo in maglietta gialla gioca con un giocattolo.
25315	Un uomo in camicia bianca e jeans blu sta facendo un trucco di lavoro.
23957	Un uomo in maglietta gialla sta giocando a ping-pong.
18731	Un gruppo di persone che si riuniscono in un bar.
10379	Un uomo in camicia blu e pantaloni grigi sta lavorando su un tetto.
26806	Un uomo in camicia blu e pantaloni grigi sta facendo un trucco di volo.
19348	Un uomo con un cappello da baseball e una camicia bianca sta lavorando su un cartellone.
9088	Un uomo in bicicletta sporca.
28142	Un uomo con un cappello da baseball e una camicia bianca sta lavorando su un cartellone.
5881	Un uomo con un cappello da baseball e un cappello da baseball è seduto su una sedia.
16090	Un ragazzo in maglietta gialla gioca con un giocattolo.
1417	Un uomo con un cappello da baseball retrostante sta guardando un altro uomo che sta per fare una foto.
2678	Un gruppo di persone sta guardando una donna che cammina per strada.
8427	Un ragazzo in maglietta gialla salta da una scogliera.
17615	Un giocatore di baseball che scivola per prendere una palla.
11516	Un uomo in maglietta gialla e jeans blu sta giocando a basket.
18532	Un uomo in camicia rossa sta scalando una montagna.
10620	Un uomo con un cappello da baseball e una camicia bianca sta lavorando ad una scultura di ghiaccio.
19162	Un uomo in camicia bianca e jeans blu sta facendo un trucco di lavoro.
8631	Un ragazzo in maglietta gialla gioca con un giocattolo.
22651	Un uomo in camicia bianca sta camminando accanto a un negozio di alimentari.
15176	Un ragazzo in maglietta gialla gioca con un giocattolo.
4816	Una donna con un vestito rosa che tiene in mano un fiore giallo.
5261	Un uomo con un cappello da baseball e una camicia bianca sta lavorando ad una.
8023	Un uomo con un cappello da baseball retrostante sta guardando un altro uomo che sta per salire su un treno.
20640	Una donna con un vestito rosa che tiene in mano un fiore giallo.
20898	Un uomo con un cappello da baseball e un cappello da baseball è seduto su una panchina.
3162	Un uomo con un cappello da baseball e una camicia bianca sta lavorando ad una scultura di ghiaccio.
15412	Un ragazzo in maglietta gialla gioca con un giocattolo.
15374	Una donna con un vestito rosa che tiene in mano un fiore giallo.
11890	Un gruppo di giocatori di calcio che giocano a calcio.
12427	Un bambino in maglietta gialla gioca con un giocattolo.
14042	Una donna con un vestito rosa che tiene in mano un bambino.
24181	Un uomo in bicicletta sta attraversando un edificio.
3412	Un uomo in camicia bianca sta lavorando ad una struttura di legno.
24624	Un uomo in camicia bianca sta lavorando su una bicicletta.
28026	Un gruppo di persone che giocano a calcio.
21764	Un uomo in bicicletta sta attraversando un edificio.
25516	Un uomo con un cappello da baseball e una camicia nera sta cucinando.
9885	Un uomo in camicia bianca e pantaloni khaki si siede su una panchina di legno.
5701	Un uomo in camicia rossa sta scalando una montagna.
8225	Un uomo in muta nera sta facendo surf.
17573	Un uomo in camicia bianca sta camminando accanto a un muro di mattoni.
29489	Un uomo in camicia bianca e cappello da cowboy sta guidando un cavallo.
15358	Un gruppo di persone che giocano a calcio.
27671	Un uomo in maglietta gialla che gioca a tennis.
1981	Un uomo con un cappello da baseball e una camicia bianca sta lavorando ad una scultura di ghiaccio.
1771	Un uomo in camicia rossa sta facendo un trucco di volo.
12184	Un ragazzo in maglietta gialla che gioca con una palla da calcio.
24350	Un gruppo di persone sta guidando una moto.
11466	Un uomo in maglietta gialla gioca a tennis.
30494	Un uomo in bicicletta sta attraversando un ponte.
18318	Un uomo in bicicletta sta attraversando una strada.
30480	Un gruppo di persone che giocano a calcio in un campo.
4027	Un uomo in bicicletta sta attraversando un ponte.
2330	Un gruppo di persone che camminano per strada.
23205	Un uomo in bicicletta sta attraversando un edificio.
17822	Un uomo in muta nera sta facendo surf.
3774	Un uomo in camicia bianca sta camminando accanto a un muro di mattoni.
12782	Un uomo con un cappello da baseball e una giacca nera che cammina per strada.
14495	Un uomo con un cappello da baseball retrostante sta suonando una chitarra.
15774	Un uomo con un cappello da baseball e una camicia bianca sta lavorando ad una scultura di ghiaccio.
18250	Un uomo con un cappello da baseball e una camicia bianca sta lavorando ad una.
17177	Un uomo in muta nera sta facendo surf.
20240	Un uomo con un cappello da baseball e una camicia nera sta cucinando cibo.
20297	Un uomo con un cappello da baseball e una camicia nera sta cucinando.
13648	Un uomo in camicia rossa sta scalando una montagna.
12542	Un uomo in muta nera sta facendo surf.
15588	Un uomo con un cappello da baseball e un cappello da baseball è seduto su una sedia pieghevole a un tavolo da picnic.
26142	Una donna con un vestito rosa che tiene in mano un fiore giallo.
7739	Un cane bianco e nero che salta in aria per prendere una Frisbee.
4556	Un uomo con un cappello da baseball e un cappello da baseball è seduto su una sedia pieghevole a un tavolo da picnic.
23006	Un uomo in camicia rossa sta scalando una montagna.
26618	Un ragazzo in maglietta gialla gioca con un giocattolo.
16532	Un uomo con un cappello da baseball e una camicia bianca sta lavorando ad una scultura di ghiaccio.
8185	Un cane bianco e nero corre attraverso un campo erboso.
2319	Un uomo in camicia bianca sta camminando accanto a un negozio di alimentari.
1610	Un uomo con un cappello da baseball e una camicia bianca sta lavorando ad una.
7507	Un uomo con un cappello da baseball e una camicia bianca sta lavorando su un pezzo di elettronica.
17823	Un cane bianco e nero corre attraverso un campo erboso.
9502	Un ragazzo in maglietta gialla gioca con un giocattolo.
3826	Un uomo in camicia blu e pantaloni grigi sta lavorando su una bicicletta.
13516	Un cane nero e marrone che salta in acqua.
8740	Un uomo con un cappello da baseball e una camicia bianca sta lavorando ad una scultura di ghiaccio.
30456	Un uomo in camicia bianca e jeans blu sta facendo un trucco di lavoro.
12813	Un uomo con un cappello da baseball e una camicia bianca sta lavorando ad una scultura di ghiaccio.
2523	Un uomo con un cappello da baseball retrostante sta guardando un altro uomo che sta per salire su un treno.
487	Un ragazzo in maglietta gialla gioca con un giocattolo.
10235	Un uomo con un cappello da baseball e una camicia bianca sta lavorando ad una.
23827	Un uomo con un cappello da baseball e una camicia nera sta cucinando.
14721	Un uomo sta guidando un cavallo mentre un altro cerca di.
2906	Un uomo in bicicletta sta attraversando un ponte.
28966	Un uomo in camicia rossa sta facendo un trucco di legno.
16888	Un uomo in camicia bianca e pantaloni khaki si siede su una roccia vicino a un lago.
134	Un uomo in maglietta gialla sta giocando a hockey.
24806	Un uomo con un cappello da baseball e una giacca nera che cammina per strada.
7881	Un uomo con un cappello da baseball e una camicia bianca sta lavorando su un cartellone.
23164	Un uomo in camicia bianca e jeans blu sta facendo un trucco di lavoro.
1202	Un uomo con un cappello da baseball e un cappello da baseball è seduto su una panchina.
24145	Un gruppo di persone che camminano per strada.
8554	Un uomo con un cappello da baseball e una camicia nera sta suonando una chitarra.
17202	Un gruppo di persone che camminano per strada.
11897	Una donna con un vestito rosa che tiene in mano un fiore giallo.
22078	Un uomo in camicia bianca e jeans blu sta facendo un trucco di lavoro.
12178	Un uomo in maglietta gialla e jeans blu sta giocando a basket.
25918	Un ragazzo in maglietta gialla salta da una scogliera.
17772	Un gruppo di persone che giocano a bagpi.
28582	Un gruppo di persone che giocano a bagpi.
19005	Un uomo con un cappello da baseball e un cappello da baseball è seduto su una panchina.
9266	Un uomo in camicia rossa sta scalando una montagna.
22118	Un uomo in bicicletta sta attraversando un edificio.
23560	Un uomo con un cappello da baseball e una camicia bianca sta lavorando su un cartellone.
19830	Un gruppo di persone che camminano per strada.
7263	Un uomo con un cappello da baseball e una camicia bianca sta lavorando su un cartellone.
27048	Un gruppo di persone che camminano in un mercato.
8811	Un uomo con un cappello da baseball e un cappello da baseball è seduto su una sedia pieghevole a un tavolo da picnic.
1821	Un gruppo di persone che camminano in un mercato.
22865	Un gruppo di persone che camminano in un deserto.
12030	Un uomo con un cappello da baseball retrostante sta suonando una chitarra.
14333	Un ragazzo in maglietta gialla gioca a calcio.
30285	Un uomo in maglietta gialla sta giocando a tennis.
2131	Un gruppo di persone che giocano a basket in una palestra.
22440	Un uomo in maglietta gialla sta giocando a tennis.
23986	Un gruppo di persone che camminano per strada.
9058	Un uomo in camicia rossa sta scalando una montagna.
917	Un uomo con un cappello da baseball e una camicia bianca sta lavorando ad una scultura di ghiaccio.
17376	Un uomo con un cappello da baseball e una camicia bianca sta lavorando ad una scultura di ghiaccio.
18723	Un bambino che gioca con un giocattolo.
19373	Un uomo in camicia bianca sta guidando una bicicletta.
7909	Un ragazzo in maglietta gialla salta da una scogliera.
7921	Un uomo in camicia bianca e jeans blu sta facendo un trucco di lavoro.
22327	Un uomo con un cappello da baseball e una camicia bianca sta lavorando ad una scultura di ghiaccio.
9065	Un ragazzo in maglietta gialla gioca con un giocattolo.
2130	Un uomo in camicia blu e pantaloni grigi sta lavorando su una bicicletta.
2124	Un cane bianco e nero che salta in aria per prendere una Frisbee.
14332	Un cane bianco e nero corre attraverso un campo erboso.
12757	Un uomo con un cappello da baseball e una camicia bianca sta lavorando ad una.
3951	Un uomo in camicia bianca e jeans blu sta facendo una foto.
22870	Un gruppo di persone che camminano per strada.
15004	Un ragazzo in maglietta gialla gioca con un giocattolo.
26419	Un uomo con un cappello da baseball e una camicia nera sta cucinando.
17997	Un uomo in camicia rossa sta scalando una montagna.
17983	Un gruppo di persone che camminano in un mercato.
25058	Un uomo in camicia rossa sta facendo un trucco di legno.
17940	Un gruppo di persone che camminano per strada.
6008	Un ragazzo in maglietta gialla gioca con un giocattolo.
1983	Un uomo con un cappello da baseball e una camicia bianca sta lavorando ad una.
21799	Un bambino in maglietta gialla gioca con un giocattolo.
14736	Un uomo sta guidando un cavallo mentre un altro uomo lo segue.
137	Un uomo in camicia bianca e jeans blu sta facendo un trucco di lavoro.
21996	Un uomo in camicia bianca sta lavorando ad una struttura di legno.
23617	Un gruppo di persone che camminano per strada.
2044	Un ragazzo in maglietta gialla gioca con un giocattolo.
27303	Un gruppo di persone che si riuniscono in un bar.
6549	Un gruppo di persone che camminano in un mercato di strada.
29323	Un uomo con un cappello da baseball e una camicia nera sta cucinando.
25525	Un uomo in camicia blu e pantaloni grigi sta facendo un trucco di volo veloce su una strada.
28767	Un uomo sta guidando un cavallo mentre un altro uomo lo segue.
10575	Un uomo in camicia rossa sta facendo un trucco di rollerskating.
19545	Un uomo in camicia bianca sta camminando accanto a un muro di mattoni.
8766	Un cane nero e marrone che salta in acqua.
25069	Un uomo con un cappello da baseball retrostante sta suonando una chitarra.
1030	Un uomo con un cappello da baseball retrostante sta guardando un altro uomo che sta per fare una foto.
10788	Un uomo con un cappello da baseball e una camicia bianca sta lavorando ad una.
8982	Un ragazzo in maglietta gialla gioca con un giocattolo.
20139	Un uomo in camicia bianca sta lavorando ad una struttura di legno.
6005	Un uomo in camicia bianca sta guidando una bicicletta.
10005	Un uomo con un cappello da baseball e una camicia bianca sta lavorando ad una scultura di ghiaccio.
304	Una donna in bikini blu e bianco che gioca a tennis.
4028	Un gruppo di persone che si riuniscono in un bar.
12969	Un uomo che corre in un campo.
20071	Un uomo con un cappello da baseball e una camicia bianca sta lavorando su un cartellone.
26366	Un uomo in camicia bianca e jeans blu sta facendo un trucco di lavoro.
15974	Un uomo con un cappello da baseball e una camicia bianca sta lavorando ad una.
9242	Un uomo in camicia bianca e jeans blu sta lavorando su un treno.
10171	Un uomo con un cappello da baseball e una camicia bianca sta lavorando su un cartellone.
6830	Un gruppo di persone che camminano per strada.
25479	Un uomo in maglietta gialla sta giocando a tennis.
8362	Un uomo con un cappello da baseball retrostante sta lavorando su una bicicletta.
11086	Un ragazzo in maglietta gialla gioca con un giocattolo.
15592	Un cane nero e marrone che salta in acqua.
16070	Un uomo in bicicletta sta attraversando un ponte.
18061	Un uomo con un cappello da baseball e una camicia bianca sta lavorando su un cartellone.
17346	Un gruppo di persone in piedi su una strada.
17347	Un uomo con un cappello da baseball e un cappello da baseball è seduto su una sedia pieghevole a un tavolo da picnic.
21187	Un uomo con un cappello da baseball e una camicia bianca sta lavorando ad una scultura di ghiaccio.
23790	Un uomo con un cappello da baseball e un cappello da baseball è seduto su una sedia pieghevole a un tavolo da picnic.
13135	Un cane bianco e nero corre attraverso un campo erboso.
19356	Un uomo in muta nera sta facendo surf.
1390	Un ragazzo in maglietta gialla gioca con un giocattolo.
11939	Un ragazzo in maglietta gialla gioca con un giocattolo.
14841	Un uomo con un cappello da baseball e una camicia bianca sta lavorando su un pezzo di elettronica.
22317	Un uomo in camicia bianca sta lavorando su una struttura di legno.
15020	Un cane nero e marrone che salta in una piscina.
14316	Un uomo con un cappello da baseball e una camicia bianca sta lavorando ad una.
28389	Un uomo che corre in un campo.
259	Un uomo in camicia rossa sta facendo un trucco di volo.
3008	Un cane bianco e nero corre attraverso un campo erboso.
9531	Un uomo in maglietta gialla sta giocando a tennis.
9519	Un uomo in camicia bianca e jeans blu sta in piedi e guarda un altro uomo che cammina.
5016	Un uomo in camicia bianca e pantaloni khaki sta giocando a ping-pong.
14786	Un uomo con un cappello da baseball e un cappello da baseball è seduto su una sedia pieghevole a un tavolo da picnic.
16191	Un uomo in bicicletta sta attraversando un edificio.
28057	Un ragazzo in maglietta gialla gioca con un giocattolo.
21067	Un ragazzo in maglietta gialla gioca con un giocattolo.
4452	Un uomo con un cappello da baseball e una camicia nera sta cucinando.
14989	Un cane bianco e nero che salta in aria per prendere una Frisbee.
12334	Un cane nero e marrone che salta in acqua.
13770	Una donna con un vestito rosa che tiene in mano un fiore giallo.
29177	Un uomo in camicia rossa sta scalando una montagna.
17933	Un uomo con un cappello da baseball e una camicia bianca sta lavorando ad una.
26536	Un uomo che corre in un campo.
1072	Un uomo in camicia bianca sta guidando una bicicletta.
22778	Un uomo in camicia bianca e pantaloni neri sta facendo una foto.
14221	Un uomo in camicia bianca sta lavorando su un tetto.
8903	Un uomo in bicicletta sta attraversando un edificio.
13566	Un bambino in maglietta gialla gioca con un giocattolo.
434	Un gruppo di persone che camminano in un mercato di strada.
17714	Un uomo con un cappello da baseball e una camicia bianca sta lavorando su un cartellone.
9572	Un uomo in maglietta gialla gioca con un bambino.
18584	Un uomo con un cappello da baseball e una camicia bianca sta lavorando ad una.
6127	Un ragazzo in maglietta gialla gioca con un giocattolo.
2433	Un uomo con un cappello da baseball e una camicia nera sta cucinando cibo.
11239	Un cane bianco e nero che salta in una piscina.
25188	Un uomo con un cappello da baseball e una camicia bianca sta lavorando ad una scultura di ghiaccio.
15077	Due uomini che giocano a calcio.
13837	Un uomo in camicia bianca sta camminando accanto a un muro di mattoni.
24043	Un uomo in camicia bianca sta lavorando su una bicicletta.
1310	Un gruppo di persone che camminano in un mercato.
27238	Un uomo in bicicletta sta attraversando un edificio.
28123	Un uomo con un cappello da baseball e una camicia bianca sta lavorando ad una scultura di ghiaccio.
26697	Un uomo in camicia blu e pantaloni grigi sta lavorando su una bicicletta.
17338	Un ragazzo in maglietta gialla gioca con un giocattolo.
22383	Un uomo in camicia bianca sta camminando accanto a un negozio di alimentari.
2180	Un uomo con un cappello da baseball e una camicia bianca sta lavorando ad una scultura di ghiaccio.
10330	Un gruppo di persone che si divertono in un mercato.
26682	Un ragazzo in maglietta gialla salta da una scogliera.
24095	Un gruppo di persone che camminano in un mercato di strada.
2803	Un uomo in bicicletta sta attraversando un edificio.
1305	Un uomo in camicia bianca e jeans blu sta in piedi e guarda un altro uomo che cammina.
22341	Un uomo con un cappello da cowboy bianco e un cappello da baseball è seduto su una roccia.
26133	Un uomo in camicia rossa sta scalando una montagna.
17661	Un uomo con un cappello da baseball e una camicia nera sta cucinando.
4902	Un uomo in camicia bianca e pantaloni neri sta giocando a ping-pong.
9598	Un ragazzo in maglietta gialla gioca con un giocattolo.
12902	Un uomo in maglietta gialla sta giocando a tennis.
19857	Un uomo con un cappello da baseball retrostante sta guardando un altro uomo che sta per fare una foto.
20740	Un bambino in maglietta gialla gioca con un giocattolo.
18426	Un uomo in camicia bianca sta lavorando su una vecchia macchina.
19738	Un gruppo di persone che camminano per strada.
4686	Un bambino in maglietta gialla gioca con un giocattolo.
28240	Un uomo in camicia rossa sta scalando una montagna.
22751	Un uomo in maglietta gialla e jeans blu sta giocando a basket.
24863	Un uomo in bicicletta sta attraversando un ponte.
26906	Un uomo con un cappello da baseball e una camicia nera sta cucinando cibo.
26084	Un uomo in bicicletta sta attraversando un ponte.
28042	Un uomo in bicicletta sta attraversando un ponte.
6250	Un uomo in muta nera sta facendo surf.
30619	Un ragazzo in maglietta gialla che gioca con un giocattolo.
10287	Un gruppo di persone che camminano in un mercato.
12486	Un uomo che fa surf in acqua.
28068	Un uomo in maglietta gialla gioca a calcio.
7170	Un uomo in camicia bianca e jeans blu sta facendo un trucco di lavoro.
5767	Un uomo in camicia bianca sta lavorando su una struttura di legno.
22223	Un uomo in camicia bianca sta guidando una bicicletta.
23115	Un ragazzo in maglietta gialla gioca con un giocattolo.
16810	Un uomo con un cappello da baseball e una camicia bianca sta lavorando ad una scultura di ghiaccio.
8519	Un uomo in camicia rossa sta facendo un trucco di volo.
8280	Un uomo con un cappello da baseball retrostante sta suonando una chitarra.
6078	Un cane nero e marrone che salta in acqua.
27830	Un uomo in maglietta gialla che gioca a tennis.
18418	Un uomo con un cappello da baseball retrostante sta guardando un altro uomo che sta per salire su un treno.
16347	Un uomo con un cappello da baseball e una camicia bianca sta lavorando su un treno.
16421	Un uomo con un cappello da baseball e una camicia nera sta cucinando cibo.
17071	Un uomo in camicia nera che lavora in un negozio di torte.
11400	Una donna con un vestito rosa che tiene in mano un fiore giallo.
29772	Un bambino in maglietta gialla gioca con un giocattolo.
13388	Un uomo e una donna sono seduti a un tavolo a mangiare.
4041	Un gruppo di persone che si divertono a fare shopping.
219	Una donna con un vestito rosa che tiene in mano un fiore giallo.
