8405	Un uomo in camicia bianca sta lavorando su una macchina.
7044	Un uomo in camicia bianca sta lavorando su una macchina.
3975	Un uomo in camicia bianca sta lavorando su una macchina.
13323	Un uomo in camicia bianca sta lavorando su una macchina.
9280	Un uomo con un cappello da baseball sta lavorando ad un progetto di legno.
18504	Un uomo in camicia bianca sta lavorando su una macchina.
10164	Un uomo con un cappello da cowboy sta guidando un cavallo.
28410	Un uomo in camicia bianca sta lavorando su una macchina.
5479	Un uomo in camicia bianca sta lavorando su una macchina.
25652	Un uomo in camicia bianca sta lavorando su una macchina.
20058	Un uomo in camicia bianca sta lavorando su una macchina.
1145	Un uomo in camicia bianca sta lavorando su una macchina.
15975	Un uomo in camicia bianca sta lavorando su una macchina.
12968	Un uomo in camicia bianca sta lavorando su una macchina.
18464	Un uomo in camicia bianca sta lavorando su una macchina.
4808	Un uomo in camicia bianca sta lavorando su una macchina.
3197	Un uomo in camicia bianca sta lavorando su una macchina.
9451	Un uomo in camicia bianca sta lavorando su una macchina.
20138	Un uomo in camicia bianca sta lavorando su una macchina.
25732	Un uomo con un cappello da cowboy sta guidando un cavallo.
11497	Un uomo in camicia bianca sta lavorando su una macchina.
27643	Un uomo in camicia bianca sta lavorando su una macchina.
7454	Un uomo in camicia bianca sta lavorando su una macchina.
6992	Un uomo in camicia bianca sta lavorando su una macchina.
25295	Un uomo in camicia bianca sta lavorando su una macchina.
19544	Un uomo in camicia bianca sta lavorando su una macchina.
22261	Un uomo in camicia bianca sta lavorando su una macchina.
9137	Un uomo in camicia bianca sta lavorando su una macchina.
13094	Un uomo in camicia bianca sta lavorando su una macchina.
2089	Un uomo in camicia bianca sta lavorando su una macchina.
9862	Un uomo in camicia bianca sta lavorando su una macchina.
23194	Un uomo in camicia bianca sta lavorando su una macchina.
6990	Un uomo in camicia bianca sta lavorando su una macchina.
7330	Un uomo con un cappello da cowboy sta guidando un cavallo.
10947	Un uomo in camicia bianca sta lavorando su una macchina.
27655	Un uomo in camicia bianca sta lavorando su una macchina.
4605	Un uomo in camicia bianca sta lavorando su una macchina.
2274	Un uomo in camicia bianca sta lavorando su una macchina.
25903	Un uomo in camicia bianca sta lavorando su una macchina.
1782	Un uomo in camicia bianca sta lavorando su una macchina.
22936	Un uomo in camicia bianca sta lavorando su una macchina.
17027	Un uomo in camicia bianca sta lavorando su una macchina.
20853	Un uomo in camicia bianca sta lavorando su una macchina.
5447	Un uomo in camicia bianca sta lavorando su una macchina.
8605	Un uomo con un cappello da cowboy sta guidando un cavallo.
11293	Un uomo in camicia bianca sta lavorando su una macchina.
27721	Un uomo in camicia bianca sta lavorando su una macchina.
29095	Un uomo in camicia bianca sta lavorando su una macchina.
3977	Un uomo in camicia bianca sta lavorando su una macchina.
13447	Un uomo in camicia bianca sta lavorando su una macchina.
11244	Un uomo in camicia bianca sta lavorando su una macchina.
19618	Un uomo in camicia bianca sta lavorando su una macchina.
8375	Un uomo con un cappello da baseball sta lavorando ad un progetto di legno.
13876	Un uomo in camicia bianca sta lavorando su una macchina.
1351	Un uomo in camicia bianca sta lavorando su una macchina.
23745	Un uomo in camicia bianca sta lavorando su una macchina.
10364	Un uomo in camicia bianca sta lavorando su una macchina.
13136	Un uomo in camicia bianca sta lavorando su una macchina.
15547	Un uomo in camicia bianca sta lavorando su una macchina.
30089	Un uomo in camicia bianca sta lavorando su una macchina.
28836	Un uomo in camicia bianca sta lavorando su una macchina.
14842	Un uomo con un cappello da baseball sta lavorando ad un progetto di legno.
21147	Un uomo in camicia bianca sta lavorando su una macchina.
27536	Un uomo con un cappello da cowboy sta guidando un cavallo.
16933	Un uomo in camicia bianca sta lavorando su una macchina.
1378	Un uomo in camicia bianca sta lavorando su una macchina.
9724	Un uomo in camicia bianca sta lavorando su una macchina.
3547	Un uomo in camicia bianca sta lavorando su una macchina.
20098	Un uomo in camicia bianca sta lavorando su una macchina.
15989	Un uomo in camicia bianca sta lavorando su una macchina.
15037	Un uomo in camicia bianca sta lavorando su una macchina.
6167	Un uomo in camicia bianca sta lavorando su una macchina.
22880	Un uomo in camicia bianca sta lavorando su una macchina.
26416	Un uomo in camicia bianca sta lavorando su una macchina.
19180	Un uomo in camicia bianca sta lavorando su una macchina.
27697	Un uomo con un cappello da cowboy sta guidando un cavallo.
14275	Un uomo con un cappello da cowboy sta guidando un cavallo.
25902	Un uomo in camicia bianca sta lavorando su una macchina.
3180	Un uomo in camicia bianca sta lavorando su una macchina.
22738	Un uomo in camicia bianca sta lavorando su una macchina.
25731	Un uomo in camicia bianca sta lavorando su una macchina.
28215	Un uomo in camicia bianca sta lavorando su una macchina.
27126	Un uomo in camicia bianca sta lavorando su una macchina.
3631	Un uomo con un cappello da baseball sta lavorando ad un progetto di legno.
1740	Un uomo in camicia bianca sta lavorando su una macchina.
1754	Un uomo in camicia bianca sta lavorando su una macchina.
30658	Un uomo in camicia bianca sta lavorando su una grande scultura di ghiaccio.
28995	Un uomo in camicia bianca sta lavorando su una macchina.
28007	Un uomo in camicia bianca sta lavorando su una macchina.
14098	Un uomo in camicia bianca sta lavorando su una macchina.
8238	Un uomo in camicia bianca sta lavorando su una macchina.
3423	Un uomo in camicia bianca sta lavorando su una macchina.
100	Un uomo in camicia bianca sta lavorando su una macchina.
16664	Un uomo con un cappello da cowboy sta guidando un cavallo.
21221	Un uomo in camicia bianca sta lavorando su una macchina.
24365	Un uomo in camicia bianca sta lavorando su una macchina.
30310	Un uomo in camicia bianca sta lavorando su una macchina.
5522	Un uomo in camicia bianca sta lavorando su una macchina.
22099	Un uomo in camicia bianca sta lavorando su una macchina.
29872	Un uomo in camicia bianca sta lavorando su una macchina.
12614	Un uomo in camicia bianca sta lavorando su una macchina.
13278	Un uomo in camicia bianca sta lavorando su una macchina.
13495	Un uomo in camicia bianca sta lavorando su una macchina.
29735	Un uomo in camicia bianca sta lavorando su una macchina.
20711	Un uomo in camicia bianca sta lavorando su una macchina.
12984	Un uomo con un cappello da cowboy sta guidando un cavallo.
25866	Un uomo in camicia bianca sta lavorando su una macchina.
23998	Un uomo in camicia bianca sta lavorando su una macchina.
16923	Un uomo in camicia bianca sta lavorando su una macchina.
9734	Un uomo in camicia bianca sta lavorando su una macchina.
21625	Un uomo in camicia bianca sta lavorando su una macchina.
13654	Un uomo in camicia bianca sta lavorando su una macchina.
9907	Un uomo con un cappello da baseball sta lavorando ad un progetto di legno.
13668	Un uomo in camicia bianca sta lavorando su una macchina.
1382	Un uomo in camicia bianca sta lavorando su una macchina.
18700	Un uomo in camicia bianca sta lavorando su una macchina.
11056	Un uomo con un cappello da cowboy sta guidando un cavallo.
22477	Un uomo in camicia bianca sta lavorando su una macchina.
8371	Un uomo in camicia bianca sta lavorando su una macchina.
7283	Un uomo in camicia bianca sta lavorando su una macchina.
511	Un uomo in camicia bianca sta lavorando su una macchina.
13325	Un uomo in camicia bianca sta lavorando su una macchina.
15967	Un uomo in camicia bianca sta lavorando su una macchina.
23219	Un uomo in camicia bianca sta lavorando su una macchina.
3032	Un uomo in camicia bianca sta lavorando su una macchina.
27731	Un uomo in camicia bianca sta lavorando su una macchina.
2476	Un uomo in camicia bianca sta lavorando su una macchina.
25907	Un uomo in camicia bianca sta lavorando su una macchina.
14258	Un uomo in camicia bianca sta lavorando su una macchina.
24370	Un uomo in camicia bianca sta lavorando su una macchina.
29640	Un uomo in camicia bianca sta lavorando su una macchina.
18890	Un uomo in camicia bianca sta lavorando su una macchina.
10214	Un uomo in camicia bianca sta lavorando su una macchina.
16103	Un uomo in camicia bianca sta lavorando su una macchina.
3393	Un uomo in camicia bianca sta lavorando su una macchina.
28990	Un uomo in camicia bianca sta lavorando su una macchina.
24614	Un uomo in camicia bianca sta lavorando su una macchina.
1209	Un uomo in camicia bianca sta lavorando su una macchina.
17592	Un uomo in camicia bianca sta lavorando su una macchina.
23151	Un uomo in camicia bianca sta lavorando su una macchina.
3434	Un uomo in camicia bianca sta lavorando su una macchina.
7646	Un uomo in camicia bianca sta lavorando su una macchina.
9858	Un uomo in camicia bianca sta lavorando su una macchina.
26798	Un uomo in camicia bianca sta lavorando su una macchina.
24819	Un uomo in camicia bianca sta lavorando su una macchina.
8039	Un uomo con un cappello da cowboy sta guidando un cavallo.
8777	Un uomo in camicia bianca sta lavorando su una macchina.
15636	Un uomo in camicia bianca sta lavorando su una macchina.
10982	Un uomo in camicia bianca sta lavorando su una macchina.
301	Un uomo in camicia bianca sta lavorando su una macchina.
9496	Un uomo in camicia bianca sta lavorando su una macchina.
10014	Un uomo in camicia bianca sta lavorando su una macchina.
4011	Un uomo in camicia bianca sta lavorando su una macchina.
17828	Un uomo in camicia bianca sta lavorando su una macchina.
28366	Un uomo in camicia bianca sta lavorando su una macchina.
15795	Un uomo in camicia bianca sta lavorando su una macchina.
2312	Un uomo in camicia bianca sta lavorando su una macchina.
1155	Un uomo in camicia bianca sta lavorando su una macchina.
24574	Un uomo in camicia bianca sta lavorando su una macchina.
3756	Un uomo in camicia bianca sta lavorando su una macchina.
12993	Un uomo in camicia bianca sta lavorando su una macchina.
16511	Un uomo in camicia bianca sta lavorando su una macchina.
1182	Un uomo in camicia bianca sta lavorando su una macchina.
2662	Un uomo in camicia bianca sta lavorando su una macchina.
11929	Un uomo in camicia bianca sta lavorando su una macchina.
4561	Un uomo in camicia bianca sta lavorando su una macchina.
9079	Un uomo in camicia bianca sta lavorando su una macchina.
26161	Un uomo in camicia bianca sta lavorando su una macchina.
5680	Un uomo in camicia bianca sta lavorando su una macchina.
10363	Un uomo in camicia bianca sta lavorando su una macchina.
14887	Un uomo in camicia bianca sta lavorando su una macchina.
11727	Un uomo in camicia bianca sta lavorando su una macchina.
7900	Un uomo in camicia bianca sta lavorando su una macchina.
27518	Un uomo in camicia bianca sta lavorando su una macchina.
29509	Un uomo in camicia bianca sta lavorando su una macchina.
15596	Un uomo in camicia bianca sta lavorando su una macchina.
6377	Un uomo in camicia bianca sta lavorando su una grande scultura di ghiaccio.
15582	Un uomo in camicia bianca sta lavorando su una macchina.
12004	Un uomo in camicia bianca sta lavorando su una macchina.
29086	Un uomo in camicia bianca sta lavorando su una macchina.
9291	Un uomo in camicia bianca sta lavorando su una macchina.
26389	Un uomo in camicia bianca sta lavorando su una macchina.
20920	Un uomo in camicia bianca sta lavorando su una macchina.
13332	Un uomo in camicia bianca sta lavorando su una macchina.
19804	Un uomo con un cappello da baseball sta lavorando ad un progetto di legno.
27732	Un uomo in camicia bianca sta lavorando su una macchina.
1168	Un uomo con un cappello da cowboy sta guidando un cavallo.
30528	Un uomo in camicia bianca sta lavorando su una macchina.
19743	Un uomo in camicia bianca sta lavorando su una macchina.
1746	Un uomo in camicia bianca sta lavorando su una macchina.
21545	Un uomo in camicia bianca sta lavorando su una macchina.
4616	Un uomo in camicia bianca sta lavorando su una macchina.
6767	Un uomo in camicia bianca sta lavorando su una grande scultura di ghiaccio.
21237	Un uomo in camicia bianca sta lavorando su una macchina.
20129	Un uomo in camicia bianca sta lavorando su una macchina.
13285	Un uomo in camicia bianca sta lavorando su una macchina.
19541	Un uomo in camicia bianca sta lavorando su una macchina.
14065	Un uomo in camicia bianca sta lavorando su una macchina.
14059	Un uomo in camicia bianca sta lavorando su una macchina.
843	Un uomo in camicia bianca sta lavorando su una macchina.
14918	Un uomo con un cappello da cowboy sta guidando un cavallo.
27478	Un uomo con un cappello da cowboy sta guidando un cavallo.
12399	Un uomo in camicia bianca sta lavorando su una macchina.
1523	Un uomo con un cappello da baseball sta lavorando ad un progetto di legno.
8507	Un uomo in camicia bianca sta lavorando su una macchina.
25208	Un uomo in camicia bianca sta lavorando su una macchina.
30177	Un uomo in camicia bianca sta lavorando su una macchina.
20402	Un uomo in camicia bianca sta lavorando su una macchina.
28076	Un uomo in camicia bianca sta lavorando su una macchina.
25552	Un uomo in camicia bianca sta lavorando su una macchina.
7608	Un uomo in camicia bianca sta lavorando su una macchina.
23889	Un uomo in camicia bianca sta lavorando su una macchina.
21913	Un uomo in camicia bianca sta lavorando su una macchina.
12467	Un uomo in camicia bianca sta lavorando su una macchina.
13779	Un uomo in camicia bianca sta lavorando su una macchina.
1286	Un uomo in camicia bianca sta lavorando su una macchina.
21091	Un uomo in camicia bianca sta lavorando su una macchina.
30188	Un uomo in camicia bianca sta lavorando su una macchina.
25585	Un uomo in camicia bianca sta lavorando su una macchina.
24314	Un uomo in camicia bianca sta lavorando su una macchina.
29156	Un uomo in camicia bianca sta lavorando su una macchina.
22003	Un uomo in camicia bianca sta lavorando su una macchina.
5553	Un uomo in camicia bianca sta lavorando su una macchina.
25778	Un uomo in camicia bianca sta lavorando su una macchina.
20166	Un uomo in camicia bianca sta lavorando su una macchina.
15693	Un uomo in camicia bianca sta lavorando su una macchina.
16365	Un uomo con un cappello da baseball sta lavorando ad un progetto di legno.
15136	Un uomo con un cappello da baseball sta lavorando ad un progetto di legno.
29803	Un uomo in camicia bianca sta lavorando su una macchina.
12895	Un uomo in camicia bianca sta lavorando su una macchina.
18599	Un uomo in camicia bianca sta lavorando su una macchina.
8117	Un uomo in camicia bianca sta lavorando su una macchina.
26463	Un uomo in camicia bianca sta lavorando su una macchina.
6890	Un uomo in camicia bianca sta lavorando su una macchina.
4077	Un uomo in camicia bianca sta lavorando su una macchina.
25142	Un uomo in camicia bianca sta lavorando su una macchina.
22639	Un uomo in camicia bianca sta lavorando su una macchina.
11218	Un uomo in camicia bianca sta lavorando su una macchina.
19485	Un uomo in camicia bianca sta lavorando su una macchina.
25368	Un uomo in camicia bianca sta lavorando su una macchina.
6304	Un uomo in camicia bianca sta lavorando su una macchina.
27543	Un uomo in camicia bianca sta lavorando su una macchina.
12275	Un uomo in camicia bianca sta lavorando su una macchina.
16775	Un uomo in camicia bianca sta lavorando su una macchina.
12507	Un uomo in camicia bianca sta lavorando su una macchina.
11032	Un uomo in camicia bianca sta lavorando su una macchina.
762	Un uomo in camicia bianca sta lavorando su una macchina.
15296	Un uomo in camicia bianca sta lavorando su una macchina.
25355	Un uomo in camicia bianca sta lavorando su una macchina.
14836	Un uomo in camicia bianca sta lavorando su una macchina.
2177	Un uomo in camicia bianca sta lavorando su una macchina.
2605	Un uomo in camicia bianca sta lavorando su una macchina.
18956	Un uomo in camicia bianca sta lavorando su una macchina.
9778	Un uomo in camicia bianca sta lavorando su una macchina.
23283	Un uomo in camicia bianca sta lavorando su una macchina.
25194	Un uomo in camicia bianca sta lavorando su una macchina.
29976	Un uomo in camicia bianca sta lavorando su una macchina.
10885	Un uomo in camicia bianca sta lavorando su una macchina.
19645	Un uomo in camicia bianca sta lavorando su una macchina.
25802	Un uomo in camicia bianca sta lavorando su una macchina.
17683	Un uomo in camicia bianca sta lavorando su una macchina.
22638	Un uomo in camicia bianca sta lavorando su una macchina.
29745	Un uomo in camicia bianca sta lavorando su una macchina.
30572	Un uomo in camicia bianca sta lavorando su una macchina.
20198	Un uomo in camicia bianca sta lavorando su una macchina.
15889	Un uomo con un cappello da cowboy sta guidando un cavallo.
11437	Un uomo in camicia bianca sta lavorando su una macchina.
19731	Un uomo in camicia bianca sta lavorando su una macchina.
25023	Un uomo con un cappello da cowboy sta guidando un cavallo.
10932	Un uomo in camicia bianca sta lavorando su una macchina.
1052	Un uomo in camicia bianca sta lavorando su una macchina.
23693	Un uomo in camicia bianca sta lavorando su una macchina.
170	Un uomo con un cappello da cowboy sta guidando un cavallo.
1293	Un uomo in camicia bianca sta lavorando su una macchina.
22228	Un uomo in camicia bianca sta lavorando su una macchina.
25547	Un uomo in camicia bianca sta lavorando su una macchina.
11190	Un uomo in camicia bianca sta lavorando su una macchina.
29427	Un uomo con un cappello da cowboy sta guidando un cavallo.
20401	Un uomo con un cappello da cowboy sta guidando un cavallo.
5752	Un uomo in camicia bianca sta lavorando su una macchina.
22216	Un uomo in camicia bianca sta lavorando su una macchina.
16819	Un uomo con un cappello da baseball sta lavorando ad un progetto di legno.
7151	Un uomo in camicia bianca sta lavorando su una macchina.
1520	Un uomo in camicia bianca sta lavorando su una macchina.
11838	Un uomo in camicia bianca sta lavorando su una grande scultura di ghiaccio.
9154	Un uomo in camicia bianca sta lavorando su una macchina.
14001	Un uomo in camicia bianca sta lavorando su una macchina.
628	Un uomo in camicia bianca sta lavorando su una grande scultura di ghiaccio.
14029	Un uomo in camicia bianca sta lavorando su una macchina.
2968	Un uomo in camicia bianca sta lavorando su una macchina.
28539	Un uomo in camicia bianca sta lavorando su una macchina.
20165	Un uomo in camicia bianca sta lavorando su una macchina.
7421	Un uomo in camicia bianca sta lavorando su una macchina.
22772	Un uomo in camicia bianca sta lavorando su una macchina.
5550	Un uomo in camicia bianca sta lavorando su una macchina.
20171	Un uomo in camicia bianca sta lavorando su una macchina.
23322	Un uomo in camicia bianca sta lavorando su una macchina.
7409	Un uomo in camicia bianca sta lavorando su una macchina.
16414	Un uomo in camicia bianca sta lavorando su una macchina.
3848	Un uomo in camicia bianca sta lavorando su una macchina.
370	Un uomo in camicia bianca sta lavorando su una macchina.
9578	Un uomo in camicia bianca sta lavorando su una macchina.
14388	Un uomo in camicia bianca sta lavorando su una macchina.
21441	Un uomo con un cappello da baseball sta lavorando ad un progetto di legno.
3096	Un uomo in camicia bianca sta lavorando su una macchina.
2388	Un uomo in camicia bianca sta lavorando su una macchina.
15733	Un uomo in camicia bianca sta lavorando su una macchina.
21482	Un uomo con un cappello da cowboy sta guidando un cavallo.
11541	Un uomo in camicia bianca sta lavorando su una macchina.
19486	Un uomo in camicia bianca sta lavorando su una macchina.
27554	Un uomo in camicia bianca sta lavorando su una macchina.
18983	Un uomo in camicia bianca sta lavorando su una macchina.
10449	Un uomo in camicia bianca sta lavorando su una macchina.
14821	Un uomo in camicia bianca sta lavorando su una macchina.
21130	Un uomo in camicia bianca sta lavorando su una macchina.
9747	Un uomo in camicia bianca sta lavorando su una grande scultura di ghiaccio.
24706	Un uomo in camicia bianca sta lavorando su una macchina.
8303	Un uomo in camicia bianca sta lavorando su una macchina.
22834	Un uomo in camicia bianca sta lavorando su una macchina.
12075	Un uomo con un cappello da baseball sta lavorando ad un progetto di legno.
19652	Un uomo in camicia bianca sta lavorando su una macchina.
23531	Un uomo in camicia bianca sta lavorando su una macchina.
19875	Un uomo in camicia bianca sta lavorando su una macchina.
25154	Un uomo in camicia bianca sta lavorando su una macchina.
6110	Un uomo in camicia bianca sta lavorando su una macchina.
8115	Un uomo in camicia bianca sta lavorando su una macchina.
9380	Un uomo in camicia bianca sta lavorando su una macchina.
4840	Un uomo con un cappello da baseball sta lavorando ad un progetto di legno.
19915	Un uomo in camicia bianca sta lavorando su una macchina.
19530	Un uomo in camicia bianca sta lavorando su una macchina.
3493	Un uomo in camicia bianca sta lavorando su una macchina.
14766	Un uomo in camicia bianca sta lavorando su una macchina.
10266	Un uomo in camicia bianca sta lavorando su una macchina.
30149	Un uomo in camicia bianca sta lavorando su una macchina.
24666	Un uomo in camicia bianca sta lavorando su una macchina.
23657	Un uomo in camicia bianca sta lavorando su una macchina.
25226	Un uomo in camicia bianca sta lavorando su una macchina.
27357	Un uomo in camicia bianca sta lavorando su una macchina.
9151	Un uomo con un cappello da cowboy sta guidando un cavallo.
16808	Un uomo in camicia bianca sta lavorando su una macchina.
28058	Un uomo in camicia bianca sta lavorando su una macchina.
22213	Un uomo in camicia bianca sta lavorando su una macchina.
12449	Un uomo in camicia bianca sta lavorando su una macchina.
27394	Un uomo in camicia bianca sta lavorando su una macchina.
17243	Un uomo in camicia bianca sta lavorando su una macchina.
16175	Un uomo in camicia bianca sta lavorando su una macchina.
19905	Un uomo in camicia bianca sta lavorando su una macchina.
17914	Un uomo in camicia bianca sta lavorando su una macchina.
1727	Un uomo in camicia bianca sta lavorando su una macchina.
11424	Un uomo in camicia bianca sta lavorando su una macchina.
21295	Un uomo in camicia bianca sta lavorando su una macchina.
17041	Un uomo con un cappello da baseball sta lavorando ad un progetto di legno.
3681	Un uomo in camicia bianca sta lavorando su una macchina.
29839	Un uomo in camicia bianca sta lavorando su una macchina.
21336	Un uomo in camicia bianca sta lavorando su una macchina.
6666	Un uomo in camicia bianca sta lavorando su una macchina.
6896	Un uomo in camicia bianca sta lavorando su una macchina.
21478	Un uomo in camicia bianca sta lavorando su una macchina.
13347	Un uomo in camicia bianca sta lavorando su una macchina.
25811	Un uomo in camicia bianca sta lavorando su una macchina.
22818	Un uomo in camicia bianca sta lavorando su una macchina.
15291	Un uomo in camicia bianca sta lavorando su una macchina.
26673	Un uomo in camicia bianca sta lavorando su una macchina.
24925	Un uomo in camicia bianca sta lavorando su una macchina.
10458	Un uomo in camicia bianca sta lavorando su una macchina.
17337	Un uomo in camicia bianca sta lavorando su una macchina.
15246	Un uomo in camicia bianca sta lavorando su una macchina.
16001	Un uomo in camicia bianca sta lavorando su una macchina.
19441	Un uomo in camicia bianca sta lavorando su una macchina.
23093	Un uomo con un cappello da cowboy sta guidando un cavallo.
26841	Un uomo in camicia bianca sta lavorando su una macchina.
7974	Un uomo in camicia bianca sta lavorando su una macchina.
11960	Un uomo in camicia bianca sta lavorando su una macchina.
14824	Un uomo in camicia bianca sta lavorando su una macchina.
16799	Un uomo in camicia bianca sta lavorando su una macchina.
1478	Un uomo in camicia bianca sta lavorando su una macchina.
21653	Un uomo in camicia bianca sta lavorando su una macchina.
29964	Un uomo in camicia bianca sta lavorando su una macchina.
200	Un uomo in camicia bianca sta lavorando su una macchina.
13420	Un uomo in camicia bianca sta lavorando su una macchina.
26316	Un uomo in camicia bianca sta lavorando su una macchina.
12931	Un uomo in camicia bianca sta lavorando su una macchina.
16376	Un uomo in camicia bianca sta lavorando su una macchina.
10061	Un uomo in camicia bianca sta lavorando su una macchina.
29637	Un uomo con un cappello da cowboy sta guidando un cavallo.
12879	Un uomo con un cappello da cowboy sta guidando un cavallo.
6049	Un uomo in camicia bianca sta lavorando su una macchina.
24307	Un uomo in camicia bianca sta lavorando su una macchina.
13583	Un uomo in camicia bianca sta lavorando su una macchina.
22038	Un uomo in camicia bianca sta lavorando su una macchina.
25757	Un uomo in camicia bianca sta lavorando su una macchina.
17929	Un uomo in camicia bianca sta lavorando su una macchina.
13597	Un uomo in camicia bianca sta lavorando su una macchina.
19253	Un uomo in camicia bianca sta lavorando su una macchina.
14763	Un uomo in camicia bianca sta lavorando su una macchina.
27381	Un uomo con un cappello da baseball sta lavorando ad un progetto di legno.
610	Un uomo con un cappello da cowboy sta guidando un cavallo.
28918	Un uomo in camicia bianca sta lavorando su una macchina.
26074	Un uomo in camicia bianca sta lavorando su una macchina.
6505	Un uomo in camicia bianca sta lavorando su una macchina.
21727	Un uomo in camicia bianca sta lavorando su una macchina.
20439	Un uomo in camicia bianca sta lavorando su una macchina.
24649	Un uomo in camicia bianca sta lavorando su una macchina.
24885	Un uomo in camicia bianca sta lavorando su una macchina.
2749	Un uomo in camicia bianca sta lavorando su una macchina.
1532	Un uomo in camicia bianca sta lavorando su una macchina.
20361	Un uomo in camicia bianca sta lavorando su una macchina.
30199	Un uomo in camicia bianca sta lavorando su una macchina.
26923	Un uomo con un cappello da cowboy sta guidando un cavallo.
29609	Un uomo in camicia bianca sta lavorando su una macchina.
25033	Un uomo in camicia bianca sta lavorando su una macchina.
27630	Un uomo in camicia bianca sta lavorando su una macchina.
6063	Un uomo in camicia bianca sta lavorando su una macchina.
17095	Un uomo in camicia bianca sta lavorando su una macchina.
7355	Un uomo in camicia bianca sta lavorando su una macchina.
5224	Un uomo in camicia bianca sta lavorando su una macchina.
1081	Un uomo in camicia bianca sta lavorando su una macchina.
16412	Un uomo in camicia bianca sta lavorando su una macchina.
7382	Un uomo in camicia bianca sta lavorando su una macchina.
4072	Un uomo in camicia bianca sta lavorando su una macchina.
21484	Un uomo in camicia bianca sta lavorando su una macchina.
22827	Un uomo in camicia bianca sta lavorando su una macchina.
12714	Un uomo in camicia bianca sta lavorando su una macchina.
5387	Un uomo in camicia bianca sta lavorando su una macchina.
27963	Un uomo in camicia bianca sta lavorando su una macchina.
18952	Un uomo in camicia bianca sta lavorando su una macchina.
20598	Un uomo in camicia bianca sta lavorando su una macchina.
17309	Un uomo in camicia bianca sta lavorando su una macchina.
11036	Un uomo in camicia bianca sta lavorando su una macchina.
18760	Un uomo in camicia bianca sta lavorando su una macchina.
21687	Un uomo in camicia bianca sta lavorando su una macchina.
21678	Un uomo in camicia bianca sta lavorando su una macchina.
8339	Un uomo in camicia bianca sta lavorando su una macchina.
23721	Un uomo in camicia bianca sta lavorando su una macchina.
4271	Un uomo con un cappello da cowboy sta guidando un cavallo.
14199	Un uomo in camicia bianca sta lavorando su una macchina.
11208	Un uomo in camicia bianca sta lavorando su una macchina.
3085	Un uomo in camicia bianca sta lavorando su una macchina.
17645	Un uomo in camicia bianca sta lavorando su una grande scultura di ghiaccio.
18576	Un uomo in camicia bianca sta lavorando su una macchina.
13351	Un uomo in camicia bianca sta lavorando su una macchina.
203	Un uomo in camicia bianca sta lavorando su una macchina.
21308	Un uomo con un cappello da baseball sta lavorando ad un progetto di legno.
8107	Un uomo in camicia bianca sta lavorando su una macchina.
17686	Un uomo in camicia bianca sta lavorando su una macchina.
6089	Un uomo in camicia bianca sta lavorando su una macchina.
14210	Un uomo in camicia bianca sta lavorando su una macchina.
1902	Un uomo in camicia bianca sta lavorando su una macchina.
377	Un uomo in camicia bianca sta lavorando su una macchina.
10923	Un uomo in camicia bianca sta lavorando su una macchina.
12846	Un uomo con un cappello da cowboy sta guidando un cavallo.
161	Un uomo in camicia bianca sta lavorando su una macchina.
24106	Un uomo in camicia bianca sta lavorando su una macchina.
29436	Un uomo in camicia bianca sta lavorando su una macchina.
6248	Un uomo in camicia bianca sta lavorando su una macchina.
7156	Un uomo in camicia bianca sta lavorando su una macchina.
2006	Un uomo con un cappello da baseball sta lavorando ad un progetto di legno.
15481	Un uomo in camicia bianca sta lavorando su una macchina.
13796	Un uomo in camicia bianca sta lavorando su una macchina.
4463	Un uomo in camicia bianca sta lavorando su una macchina.
3115	Un uomo in camicia bianca sta lavorando su una macchina.
1716	Un uomo in camicia bianca sta lavorando su una macchina.
15465	Un uomo in camicia bianca sta lavorando su una macchina.
27399	Un uomo con un cappello da cowboy sta guidando un cavallo.
608	Un uomo con un cappello da cowboy sta guidando un cavallo.
21717	Un uomo in camicia bianca sta lavorando su una macchina.
25571	Un uomo in camicia bianca sta lavorando su una macchina.
9174	Un uomo con un cappello da baseball sta lavorando ad un progetto di legno.
18182	Un uomo in camicia bianca sta lavorando su una macchina.
16811	Un uomo in camicia bianca sta lavorando su una macchina.
23882	Un uomo in camicia bianca sta lavorando su una macchina.
30632	Un uomo in camicia bianca sta lavorando su una macchina.
27362	Un uomo in camicia bianca sta lavorando su una macchina.
6257	Un uomo con un cappello da baseball sta lavorando ad un progetto di legno.
3461	Un uomo in camicia bianca sta lavorando su una macchina.
12483	Un uomo in camicia bianca sta lavorando su una macchina.
630	Un uomo in camicia bianca sta lavorando su una macchina.
9819	Un uomo in camicia bianca sta lavorando su una macchina.
16632	Un uomo in camicia bianca sta lavorando su una macchina.
14743	Un uomo in camicia bianca sta lavorando su una macchina.
19273	Un uomo con un cappello da baseball sta lavorando ad un progetto di legno.
18384	Un uomo con un cappello da cowboy sta guidando un cavallo.
27606	Un uomo in camicia bianca sta lavorando su una macchina.
6055	Un uomo in camicia bianca sta lavorando su una macchina.
3105	Un uomo con un cappello da cowboy sta guidando un cavallo.
1074	Un uomo in camicia bianca sta lavorando su una macchina.
25993	Un uomo con un cappello da baseball sta lavorando ad un progetto di legno.
30420	Un uomo in camicia bianca sta lavorando su una macchina.
26295	Un uomo in camicia bianca sta lavorando su una macchina.
30385	Un uomo in camicia bianca sta lavorando su una macchina.
19688	Un uomo in camicia bianca sta lavorando su una macchina.
25165	Un uomo con un cappello da cowboy sta guidando un cavallo.
26450	Un uomo con un cappello da baseball sta lavorando ad un progetto di legno.
7203	Un uomo in camicia bianca sta lavorando su una macchina.
22811	Un uomo in camicia bianca sta lavorando su una macchina.
17114	Un uomo in camicia bianca sta lavorando su una macchina.
22187	Un uomo in camicia bianca sta lavorando su una macchina.
3529	Un uomo in camicia bianca sta lavorando su una macchina.
2145	Un uomo in camicia bianca sta lavorando su una macchina.
27558	Un uomo in camicia bianca sta lavorando su una macchina.
9038	Un uomo con un cappello da cowboy sta guidando un cavallo.
2179	Un uomo con un cappello da cowboy sta guidando un cavallo.
24045	Un uomo in camicia bianca sta lavorando su una macchina.
18031	Un uomo in camicia bianca sta lavorando su una macchina.
17302	Un uomo in camicia bianca sta lavorando su una macchina.
10479	Un uomo in camicia bianca sta lavorando su una macchina.
30971	Un uomo in camicia bianca sta lavorando su una macchina.
12521	Un uomo in camicia bianca sta lavorando su una macchina.
24905	Un uomo in camicia bianca sta lavorando su una macchina.
18024	Un uomo in camicia bianca sta lavorando su una macchina.
12509	Un uomo in camicia bianca sta lavorando su una macchina.
23918	Un uomo con un cappello da cowboy sta guidando un cavallo.
21128	Un uomo in camicia bianca sta lavorando su una macchina.
29574	Un uomo in camicia bianca sta lavorando su una macchina.
20550	Un uomo in camicia bianca sta lavorando su una macchina.
27217	Un uomo in camicia bianca sta lavorando su una macchina.
18959	Un uomo in camicia bianca sta lavorando su una macchina.
27571	Un uomo in camicia bianca sta lavorando su una macchina.
29979	Un uomo in camicia bianca sta lavorando su una macchina.
22186	Un uomo in camicia bianca sta lavorando su una macchina.
11564	Un uomo in camicia bianca sta lavorando su una macchina.
15716	Un uomo con un cappello da baseball sta lavorando ad un progetto di legno.
11570	Un uomo in camicia bianca sta lavorando su una macchina.
29789	Un uomo in camicia bianca sta lavorando su una macchina.
24520	Un uomo in camicia bianca sta lavorando su una macchina.
27001	Un uomo in camicia bianca sta lavorando su una macchina.
2434	Un uomo in camicia bianca sta lavorando su una macchina.
19070	Un uomo in camicia bianca sta lavorando su una macchina.
27834	Un uomo con un cappello da cowboy sta guidando un cavallo.
17713	Un uomo in camicia bianca sta lavorando su una macchina.
7376	Un uomo con un cappello da baseball sta lavorando ad un progetto di legno.
15851	Un uomo in camicia bianca sta lavorando su una macchina.
3104	Un uomo in camicia bianca sta lavorando su una macchina.
16394	Un uomo in camicia bianca sta lavorando su una macchina.
25762	Un uomo in camicia bianca sta lavorando su una macchina.
382	Un uomo in camicia bianca sta lavorando su una macchina.
19925	Un uomo in camicia bianca sta lavorando su una macchina.
10530	Un uomo in camicia bianca sta lavorando su una macchina.
18622	Un uomo in camicia bianca sta lavorando su una macchina.
28087	Un uomo in camicia bianca sta lavorando su una macchina.
30810	Un uomo in camicia bianca sta lavorando su una macchina.
5950	Un uomo in camicia bianca sta lavorando su una macchina.
816	Un uomo in camicia bianca sta lavorando su una macchina.
13788	Un uomo in camicia bianca sta lavorando su una macchina.
24642	Un uomo in camicia bianca sta lavorando su una macchina.
13978	Un uomo in camicia bianca sta lavorando su una macchina.
28046	Un uomo in camicia bianca sta lavorando su una macchina.
18813	Un uomo in camicia bianca sta lavorando su una macchina.
7610	Un uomo in camicia bianca sta lavorando su una macchina.
3304	Un uomo in camicia bianca sta lavorando su una macchina.
1513	Un uomo in camicia bianca sta lavorando su una macchina.
5013	Un uomo in camicia bianca sta lavorando su una macchina.
4480	Un uomo in camicia bianca sta lavorando su una macchina.
4494	Un uomo in camicia bianca sta lavorando su una macchina.
11162	Un uomo in camicia bianca sta lavorando su una macchina.
14998	Un uomo in camicia bianca sta lavorando su una macchina.
4641	Un uomo in camicia bianca sta lavorando su una macchina.
21260	Un uomo in camicia bianca sta lavorando su una macchina.
25006	Un uomo in camicia bianca sta lavorando su una macchina.
29614	Un uomo in camicia bianca sta lavorando su una macchina.
10081	Un uomo in camicia bianca sta lavorando su una macchina.
30437	Un uomo in camicia bianca sta lavorando su una macchina.
419	Un uomo in camicia bianca sta lavorando su una macchina.
10724	Un uomo in camicia bianca sta lavorando su una macchina.
4053	Un uomo in camicia bianca sta lavorando su una macchina.
12906	Un uomo in camicia bianca sta lavorando su una macchina.
7228	Un uomo in camicia bianca sta lavorando su una macchina.
26335	Un uomo in camicia bianca sta lavorando su una macchina.
16590	Un uomo in camicia bianca sta lavorando su una grande scultura di ghiaccio.
5371	Un uomo in camicia bianca sta lavorando su una macchina.
1103	Un uomo con un cappello da cowboy sta guidando un cavallo.
25199	Un uomo in camicia bianca sta lavorando su una macchina.
4906	Un uomo con un cappello da cowboy sta guidando un cavallo.
16221	Un uomo con un cappello da baseball sta lavorando ad un progetto di legno.
28126	Un uomo in camicia bianca sta lavorando su una macchina.
30999	Un uomo in camicia bianca sta lavorando su una macchina.
7016	Un uomo in camicia bianca sta lavorando su una macchina.
9985	Un uomo in camicia bianca sta lavorando su una macchina.
18740	Un uomo in camicia bianca sta lavorando su una macchina.
28683	Un uomo in camicia bianca sta lavorando su una macchina.
29589	Un uomo in camicia bianca sta lavorando su una macchina.
10321	Un uomo in camicia bianca sta lavorando su una macchina.
949	Un uomo in camicia bianca sta lavorando su una macchina.
21671	Un uomo con un cappello da cowboy sta guidando un cavallo.
9774	Un uomo in camicia bianca sta lavorando su una grande scultura di ghiaccio.
2147	Un uomo in camicia bianca sta lavorando su una macchina.
30581	Un uomo in camicia bianca sta lavorando su una macchina.
16220	Un uomo in camicia bianca sta lavorando su una macchina.
22185	Un uomo in camicia bianca sta lavorando su una macchina.
16552	Un uomo in camicia bianca sta lavorando su una macchina.
16208	Un uomo in camicia bianca sta lavorando su una macchina.
15701	Un uomo in camicia bianca sta lavorando su una macchina.
12708	Un uomo in camicia bianca sta lavorando su una macchina.
1102	Un uomo con un cappello da baseball sta lavorando ad un progetto di legno.
24251	Un uomo in camicia bianca sta lavorando su una macchina.
14392	Un uomo in camicia bianca sta lavorando su una macchina.
22152	Un uomo in camicia bianca sta lavorando su una macchina.
4734	Un uomo in camicia bianca sta lavorando su una macchina.
6902	Un uomo con un cappello da cowboy sta guidando un cavallo.
1089	Un uomo in camicia bianca sta lavorando su una macchina.
8913	Un uomo in camicia bianca sta lavorando su una macchina.
28286	Un uomo in camicia bianca sta lavorando su una macchina.
28292	Un uomo con un cappello da baseball sta lavorando ad un progetto di legno.
5576	Un uomo in camicia bianca sta lavorando su una macchina.
24443	Un uomo in camicia bianca sta lavorando su una macchina.
5204	Un uomo in camicia bianca sta lavorando su una macchina.
23476	Un uomo in camicia bianca sta lavorando su una macchina.
25007	Un uomo in camicia bianca sta lavorando su una macchina.
26268	Un uomo in camicia bianca sta lavorando su una macchina.
6043	Un uomo in camicia bianca sta lavorando su una macchina.
21513	Un uomo in camicia bianca sta lavorando su una macchina.
20382	Un uomo in camicia bianca sta lavorando su una macchina.
28084	Un uomo in camicia bianca sta lavorando su una macchina.
6282	Un uomo in camicia bianca sta lavorando su una macchina.
13760	Un uomo in camicia bianca sta lavorando su una macchina.
29365	Un uomo in camicia bianca sta lavorando su una macchina.
28721	Un uomo con un cappello da baseball sta lavorando ad un progetto di legno.
25205	Un uomo in camicia bianca sta lavorando su una macchina.
6533	Un uomo in camicia bianca sta lavorando su una macchina.
3410	Un uomo con un cappello da cowboy sta guidando un cavallo.
18849	Un uomo in camicia bianca sta lavorando su una macchina.
6554	Un uomo in camicia bianca sta lavorando su una macchina.
26019	Un uomo in camicia bianca sta lavorando su una macchina.
21951	Un uomo in camicia bianca sta lavorando su una macchina.
669	Un uomo in camicia bianca sta lavorando su una macchina.
20483	Un uomo in camicia bianca sta lavorando su una macchina.
17561	Un uomo in camicia bianca sta lavorando su una macchina.
19558	Un uomo in camicia bianca sta lavorando su una macchina.
19969	Un uomo in camicia bianca sta lavorando su una macchina.
27887	Un uomo in camicia bianca sta lavorando su una macchina.
2256	Un uomo in camicia bianca sta lavorando su una macchina.
30479	Un uomo in camicia bianca sta lavorando su una macchina.
4141	Un uomo in camicia bianca sta lavorando su una macchina.
24395	Un uomo in camicia bianca sta lavorando su una macchina.
16469	Un uomo in camicia bianca sta lavorando su una macchina.
3821	Un uomo in camicia bianca sta lavorando su una macchina.
12784	Un uomo in camicia bianca sta lavorando su una macchina.
20736	Un uomo in camicia bianca sta lavorando su una macchina.
27717	Un uomo in camicia bianca sta lavorando su una macchina.
28430	Un uomo in camicia bianca sta lavorando su una macchina.
21414	Un uomo in camicia bianca sta lavorando su una macchina.
27930	Un uomo in camicia bianca sta lavorando su una macchina.
3969	Un uomo in camicia bianca sta lavorando su una macchina.
4960	Un uomo in camicia bianca sta lavorando su una macchina.
25458	Un uomo in camicia bianca sta lavorando su una macchina.
14861	Un uomo in camicia bianca sta lavorando su una macchina.
26186	Un uomo in camicia bianca sta lavorando su una macchina.
13673	Un uomo con un cappello da cowboy sta guidando un cavallo.
23968	Un uomo in camicia bianca sta lavorando su una macchina.
29289	Un uomo in camicia bianca sta lavorando su una macchina.
26811	Un uomo in camicia bianca sta lavorando su una macchina.
13114	Un uomo in camicia bianca sta lavorando su una macchina.
24960	Un uomo in camicia bianca sta lavorando su una macchina.
20284	Un uomo in camicia bianca sta lavorando su una macchina.
28800	Un uomo con un cappello da baseball sta lavorando ad un progetto di legno.
28169	Un uomo con un cappello da cowboy sta guidando un cavallo.
29277	Un uomo in camicia bianca sta lavorando su una macchina.
30040	Un uomo con un cappello da cowboy sta guidando un cavallo.
29505	Un uomo con un cappello da cowboy sta guidando un cavallo.
3203	Un uomo in camicia bianca sta lavorando su una macchina.
19175	Un uomo in camicia bianca sta lavorando su una macchina.
28431	Un uomo in camicia bianca sta lavorando su una macchina.
293	Un uomo in camicia bianca sta lavorando su una macchina.
10810	Un uomo in camicia bianca sta lavorando su una macchina.
6151	Un uomo in camicia bianca sta lavorando su una macchina.
25883	Un uomo con un cappello da cowboy sta guidando un cavallo.
1616	Un uomo in camicia bianca sta lavorando su una macchina.
30256	Un uomo in camicia bianca sta lavorando su una macchina.
21575	Un uomo in camicia bianca sta lavorando su una macchina.
12801	Un uomo in camicia bianca sta lavorando su una macchina.
3175	Un uomo in camicia bianca sta lavorando su una macchina.
17212	Un uomo con un cappello da baseball sta lavorando ad un progetto di legno.
6582	Un uomo in camicia bianca sta lavorando su una macchina.
22295	Un uomo in camicia bianca sta lavorando su una macchina.
26781	Un uomo con un cappello da baseball sta lavorando ad un progetto di legno.
23606	Un uomo con un cappello da cowboy sta guidando un cavallo.
27306	Un uomo in camicia bianca sta lavorando su una macchina.
9896	Un uomo in camicia bianca sta lavorando su una macchina.
16695	Un uomo in camicia bianca sta lavorando su una macchina.
1212	Un uomo in camicia bianca sta lavorando su una macchina.
26756	Un uomo in camicia bianca sta lavorando su una macchina.
28009	Un uomo in camicia bianca sta lavorando su una macchina.
29467	Un uomo in camicia bianca sta lavorando su una macchina.
3375	Un uomo in camicia bianca sta lavorando su una macchina.
30644	Un uomo con un cappello da baseball sta lavorando ad un progetto di legno.
5062	Un uomo in camicia bianca sta lavorando su una macchina.
681	Un uomo in camicia bianca sta lavorando su una macchina.
27310	Un uomo in camicia bianca sta lavorando su una macchina.
6557	Un uomo in camicia bianca sta lavorando su una macchina.
18692	Un uomo in camicia bianca sta lavorando su una macchina.
118	Un uomo in camicia bianca sta lavorando su una macchina.
10557	Un uomo con un cappello da cowboy sta guidando un cavallo.
10219	Un uomo con un cappello da cowboy sta guidando un cavallo.
5274	Un uomo in camicia bianca sta lavorando su una macchina.
24341	Un uomo in camicia bianca sta lavorando su una macchina.
28209	Un uomo in camicia bianca sta lavorando su una macchina.
2527	Un uomo in camicia bianca sta lavorando su una macchina.
19942	Un uomo in camicia bianca sta lavorando su una macchina.
19956	Un uomo in camicia bianca sta lavorando su una macchina.
25077	Un uomo in camicia bianca sta lavorando su una macchina.
27106	Un uomo in camicia bianca sta lavorando su una macchina.
10741	Un uomo in camicia bianca sta lavorando su una macchina.
10033	Un uomo in camicia bianca sta lavorando su una macchina.
30485	Un uomo con un cappello da cowboy sta guidando un cavallo.
3836	Un uomo in camicia bianca sta lavorando su una macchina.
28590	Un uomo in camicia bianca sta lavorando su una macchina.
5300	Un uomo in camicia bianca sta lavorando su una macchina.
3995	Un uomo in camicia bianca sta lavorando su una macchina.
21371	Un uomo in camicia bianca sta lavorando su una macchina.
19163	Un uomo in camicia bianca sta lavorando su una macchina.
10392	Un uomo in camicia bianca sta lavorando su una macchina.
18916	Un uomo in camicia bianca sta lavorando su una macchina.
14686	Un uomo in camicia bianca sta lavorando su una macchina.
13670	Un uomo in camicia bianca sta lavorando su una macchina.
13671	Un uomo in camicia bianca sta lavorando su una macchina.
16709	Un uomo in camicia bianca sta lavorando su una macchina.
13895	Un uomo in camicia bianca sta lavorando su una macchina.
10436	Un uomo in camicia bianca sta lavorando su una macchina.
26609	Un uomo in camicia bianca sta lavorando su una macchina.
3566	Un uomo con un cappello da cowboy sta guidando un cavallo.
1371	Un uomo in camicia bianca sta lavorando su una macchina.
1365	Un uomo in camicia bianca sta lavorando su una macchina.
8194	Un uomo con un cappello da baseball sta lavorando ad un progetto di legno.
15994	Un uomo in camicia bianca sta lavorando su una macchina.
23598	Un uomo in camicia bianca sta lavorando su una macchina.
22889	Un uomo in camicia bianca sta lavorando su una macchina.
20720	Un uomo in camicia bianca sta lavorando su una macchina.
30533	Un uomo con un cappello da cowboy sta guidando un cavallo.
13261	Un uomo in camicia bianca sta lavorando su una macchina.
15610	Un uomo in camicia bianca sta lavorando su una macchina.
2283	Un uomo con un cappello da cowboy sta guidando un cavallo.
22916	Un uomo in camicia bianca sta lavorando su una macchina.
29843	Un uomo in camicia bianca sta lavorando su una macchina.
15638	Un uomo in camicia bianca sta lavorando su una macchina.
17749	Un uomo in camicia bianca sta lavorando su una macchina.
28787	Un uomo in camicia bianca sta lavorando su una macchina.
20495	Un uomo in camicia bianca sta lavorando su una macchina.
16655	Un uomo in camicia bianca sta lavorando su una macchina.
694	Un uomo in camicia bianca sta lavorando su una macchina.
6230	Un uomo in camicia bianca sta lavorando su una macchina.
6542	Un uomo in camicia bianca sta lavorando su una macchina.
9895	Un uomo in camicia bianca sta lavorando su una macchina.
5711	Un uomo in camicia bianca sta lavorando su una macchina.
4351	Un uomo con un cappello da baseball sta lavorando ad un progetto di legno.
14913	Un uomo in camicia bianca sta lavorando su una macchina.
5073	Un uomo in camicia bianca sta lavorando su una macchina.
17598	Un uomo in camicia bianca sta lavorando su una macchina.
24152	Un uomo con un cappello da cowboy sta guidando un cavallo.
12386	Un uomo con un cappello da cowboy sta guidando un cavallo.
18126	Un uomo in camicia bianca sta lavorando su una macchina.
7843	Un uomo in camicia bianca sta lavorando su una macchina.
16679	Un uomo in camicia bianca sta lavorando su una macchina.
109	Un uomo in camicia bianca sta lavorando su una macchina.
2522	Un uomo in camicia bianca sta lavorando su una macchina.
12812	Un uomo in camicia bianca sta lavorando su una macchina.
29884	Un uomo in camicia bianca sta lavorando su una macchina.
10963	Un uomo in camicia bianca sta lavorando su una macchina.
1995	Un uomo in camicia bianca sta lavorando su una macchina.
17956	Un uomo in camicia bianca sta lavorando su una macchina.
10793	Un uomo in camicia bianca sta lavorando su una macchina.
17003	Un uomo in camicia bianca sta lavorando su una macchina.
13265	Un uomo in camicia bianca sta lavorando su una macchina.
9488	Un uomo con un cappello da cowboy sta guidando un cavallo.
6977	Un uomo in camicia bianca sta lavorando su una macchina.
2324	Un uomo in camicia bianca sta lavorando su una macchina.
280	Un uomo in camicia bianca sta lavorando su una macchina.
16296	Un uomo in camicia bianca sta lavorando su una macchina.
5477	Un uomo in camicia bianca sta lavorando su una macchina.
257	Un uomo in camicia bianca sta lavorando su una macchina.
3953	Un uomo in camicia bianca sta lavorando su una macchina.
13311	Un uomo in camicia bianca sta lavorando su una macchina.
22872	Un uomo in camicia bianca sta lavorando su una macchina.
13477	Un uomo in camicia bianca sta lavorando su una macchina.
18085	Un uomo in camicia bianca sta lavorando su una macchina.
900	Un uomo in camicia bianca sta lavorando su una macchina.
3204	Un uomo in camicia bianca sta lavorando su una macchina.
28191	Un uomo in camicia bianca sta lavorando su una macchina.
11710	Un uomo in camicia bianca sta lavorando su una macchina.
11076	Un uomo in camicia bianca sta lavorando su una macchina.
15204	Un uomo in camicia bianca sta lavorando su una macchina.
14898	Un uomo in camicia bianca sta lavorando su una macchina.
23953	Un uomo in camicia bianca sta lavorando su una macchina.
16042	Un uomo con un cappello da cowboy sta guidando un cavallo.
18047	Un uomo in camicia bianca sta lavorando su una macchina.
24966	Un uomo in camicia bianca sta lavorando su una macchina.
28190	Un uomo in camicia bianca sta lavorando su una macchina.
12595	Un uomo con un cappello da cowboy sta guidando un cavallo.
21639	Un uomo in camicia bianca sta lavorando su una macchina.
24755	Un uomo in camicia bianca sta lavorando su una macchina.
16917	Un uomo in camicia bianca sta lavorando su una macchina.
27937	Un uomo con un cappello da baseball sta lavorando ad un progetto di legno.
16526	Un uomo in camicia bianca sta lavorando su una macchina.
19629	Un uomo in camicia bianca sta lavorando su una macchina.
4768	Un uomo in camicia bianca sta lavorando su una macchina.
5304	Un uomo in camicia bianca sta lavorando su una macchina.
1162	Un uomo con un cappello da cowboy sta guidando un cavallo.
23238	Un uomo in camicia bianca sta lavorando su una macchina.
6143	Un uomo in camicia bianca sta lavorando su una macchina.
478	Un uomo in camicia bianca sta lavorando su una macchina.
1943	Un uomo in camicia bianca sta lavorando su una macchina.
322	Un uomo con un cappello da baseball sta lavorando ad un progetto di legno.
10792	Un uomo in camicia bianca sta lavorando su una macchina.
5270	Un uomo in camicia bianca sta lavorando su una macchina.
5516	Un uomo in camicia bianca sta lavorando su una macchina.
16650	Un uomo con un cappello da baseball sta lavorando ad un progetto di legno.
10221	Un uomo in camicia bianca sta lavorando su una macchina.
28796	Un uomo in camicia bianca sta lavorando su una macchina.
18127	Un uomo con un cappello da baseball sta lavorando ad un progetto di legno.
6209	Un uomo in camicia bianca sta lavorando su una macchina.
2737	Un uomo in camicia bianca sta lavorando su una macchina.
14904	Un uomo in camicia bianca sta lavorando su una macchina.
14938	Un uomo in camicia bianca sta lavorando su una macchina.
6586	Un uomo con un cappello da baseball sta lavorando ad un progetto di legno.
17216	Un uomo con un cappello da cowboy sta guidando un cavallo.
26791	Un uomo in camicia bianca sta lavorando su una macchina.
22291	Un uomo in camicia bianca sta lavorando su una macchina.
16134	Un uomo in camicia bianca sta lavorando su una macchina.
20109	Un uomo in camicia bianca sta lavorando su una macchina.
26578	Un uomo in camicia bianca sta lavorando su una macchina.
28233	Un uomo in camicia bianca sta lavorando su una macchina.
21565	Un uomo in camicia bianca sta lavorando su una grande scultura di ghiaccio.
23372	Un uomo in camicia bianca sta lavorando su una macchina.
12811	Un uomo in camicia bianca sta lavorando su una macchina.
29887	Un uomo in camicia bianca sta lavorando su una macchina.
29111	Un uomo in camicia bianca sta lavorando su una macchina.
7317	Un uomo con un cappello da cowboy sta guidando un cavallo.
29105	Un uomo in camicia bianca sta lavorando su una macchina.
67	Un uomo in camicia bianca sta lavorando su una macchina.
22736	Un uomo in camicia bianca sta lavorando su una macchina.
14247	Un uomo in camicia bianca sta lavorando su una macchina.
15159	Un uomo in camicia bianca sta lavorando su una macchina.
19824	Un uomo in camicia bianca sta lavorando su una macchina.
9272	Un uomo in camicia bianca sta lavorando su una macchina.
21377	Un uomo in camicia bianca sta lavorando su una macchina.
28435	Un uomo in camicia bianca sta lavorando su una macchina.
17835	Un uomo in camicia bianca sta lavorando su una macchina.
22642	Un uomo con un cappello da cowboy sta guidando un cavallo.
12018	Un uomo con un cappello da cowboy sta guidando un cavallo.
11539	Un uomo in camicia bianca sta lavorando su una macchina.
19165	Un uomo in camicia bianca sta lavorando su una macchina.
22859	Un uomo in camicia bianca sta lavorando su una macchina.
27921	Un uomo in camicia bianca sta lavorando su una macchina.
6425	Un uomo in camicia bianca sta lavorando su una macchina.
26632	Un uomo in camicia bianca sta lavorando su una macchina.
23038	Un uomo in camicia bianca sta lavorando su una macchina.
22326	Un uomo con un cappello da baseball sta lavorando ad un progetto di legno.
17410	Un uomo in camicia bianca sta lavorando su una macchina.
13892	Un uomo con un cappello da cowboy sta guidando un cavallo.
12554	Un uomo in camicia bianca sta lavorando su una macchina.
16726	Un uomo in camicia bianca sta lavorando su una macchina.
23945	Un uomo in camicia bianca sta lavorando su una macchina.
10356	Un uomo in camicia bianca sta lavorando su una macchina.
15574	Un uomo in camicia bianca sta lavorando su una macchina.
14118	Un uomo in camicia bianca sta lavorando su una grande scultura di ghiaccio.
26141	Un uomo in camicia bianca sta lavorando su una macchina.
29272	Un uomo in camicia bianca sta lavorando su una macchina.
22455	Un uomo con un cappello da cowboy sta guidando un cavallo.
18905	Un uomo in camicia bianca sta lavorando su una macchina.
21612	Un uomo in camicia bianca sta lavorando su una macchina.
19170	Un uomo in camicia bianca sta lavorando su una macchina.
3979	Un uomo in camicia bianca sta lavorando su una macchina.
16531	Un uomo in camicia bianca sta lavorando su una macchina.
24232	Un uomo in camicia bianca sta lavorando su una macchina.
20040	Un uomo in camicia bianca sta lavorando su una macchina.
4743	Un uomo in camicia bianca sta lavorando su una macchina.
24568	Un uomo in camicia bianca sta lavorando su una macchina.
28352	Un uomo con un cappello da cowboy sta guidando un cavallo.
27707	Un uomo in camicia bianca sta lavorando su una macchina.
282	Un uomo in camicia bianca sta lavorando su una macchina.
9273	Un uomo con un cappello da cowboy sta guidando un cavallo.
10801	Un uomo in camicia bianca sta lavorando su una macchina.
2326	Un uomo in camicia bianca sta lavorando su una macchina.
10746	Un uomo in camicia bianca sta lavorando su una macchina.
10752	Un uomo con un cappello da cowboy sta guidando un cavallo.
99	Un uomo in camicia bianca sta lavorando su una macchina.
18440	Un uomo in camicia bianca sta lavorando su una macchina.
6791	Un uomo in camicia bianca sta lavorando su una macchina.
15616	Un uomo in camicia bianca sta lavorando su una macchina.
5515	Un uomo in camicia bianca sta lavorando su una macchina.
15825	Un uomo in camicia bianca sta lavorando su una macchina.
14291	Un uomo in camicia bianca sta lavorando su una macchina.
27101	Un uomo in camicia bianca sta lavorando su una macchina.
16653	Un uomo con un cappello da cowboy sta guidando un cavallo.
13059	Un uomo con un cappello da cowboy sta guidando un cavallo.
19548	Un uomo in camicia bianca sta lavorando su una macchina.
8555	Un uomo in camicia bianca sta lavorando su una macchina.
24150	Un uomo in camicia bianca sta lavorando su una macchina.
20478	Un uomo in camicia bianca sta lavorando su una macchina.
18854	Un uomo in camicia bianca sta lavorando su una macchina.
3425	Un uomo in camicia bianca sta lavorando su una macchina.
11680	Un uomo in camicia bianca sta lavorando su una macchina.
29492	Un uomo in camicia bianca sta lavorando su una macchina.
24808	Un uomo in camicia bianca sta lavorando su una macchina.
22712	Un uomo in camicia bianca sta lavorando su una macchina.
15800	Un uomo in camicia bianca sta lavorando su una macchina.
20878	Un uomo in camicia bianca sta lavorando su una macchina.
15633	Un uomo in camicia bianca sta lavorando su una macchina.
17030	Un uomo in camicia bianca sta lavorando su una macchina.
462	Un uomo in camicia bianca sta lavorando su una macchina.
1636	Un uomo in camicia bianca sta lavorando su una macchina.
30276	Un uomo in camicia bianca sta lavorando su una macchina.
24217	Un uomo in camicia bianca sta lavorando su una macchina.
1144	Un uomo in camicia bianca sta lavorando su una macchina.
6171	Un uomo in camicia bianca sta lavorando su una macchina.
19141	Un uomo in camicia bianca sta lavorando su una macchina.
14303	Un uomo in camicia bianca sta lavorando su una macchina.
3960	Un uomo in camicia bianca sta lavorando su una macchina.
27508	Un uomo in camicia bianca sta lavorando su una macchina.
7723	Un uomo in camicia bianca sta lavorando su una macchina.
21179	Un uomo con un cappello da baseball sta lavorando ad un progetto di legno.
13861	Un uomo in camicia bianca sta lavorando su una macchina.
5108	Un uomo in camicia bianca sta lavorando su una macchina.
27246	Un uomo in camicia bianca sta lavorando su una macchina.
12202	Un uomo in camicia bianca sta lavorando su una macchina.
15223	Un uomo in camicia bianca sta lavorando su una macchina.
23785	Un uomo in camicia bianca sta lavorando su una macchina.
14896	Un uomo in camicia bianca sta lavorando su una macchina.
12559	Un uomo in camicia bianca sta lavorando su una macchina.
29281	Un uomo in camicia bianca sta lavorando su una macchina.
11911	Un uomo in camicia bianca sta lavorando su una macchina.
13943	Un uomo in camicia bianca sta lavorando su una macchina.
1516	Un uomo in camicia bianca sta lavorando su una macchina.
8268	Un uomo in camicia bianca sta lavorando su una macchina.
15329	Un uomo in camicia bianca sta lavorando su una macchina.
12446	Un uomo in camicia bianca sta lavorando su una macchina.
17264	Un uomo con un cappello da baseball sta lavorando ad un progetto di legno.
3498	Un uomo in camicia bianca sta lavorando su una macchina.
5214	Un uomo in camicia bianca sta lavorando su una macchina.
10084	Un uomo in camicia bianca sta lavorando su una macchina.
23499	Un uomo in camicia bianca sta lavorando su una macchina.
24490	Un uomo in camicia bianca sta lavorando su una macchina.
25942	Un uomo in camicia bianca sta lavorando su una macchina.
19063	Un uomo in camicia bianca sta lavorando su una macchina.
1933	Un uomo in camicia bianca sta lavorando su una macchina.
19739	Un uomo in camicia bianca sta lavorando su una macchina.
12903	Un uomo in camicia bianca sta lavorando su una macchina.
4917	Un uomo in camicia bianca sta lavorando su una macchina.
10133	Un uomo in camicia bianca sta lavorando su una macchina.
12718	Un uomo in camicia bianca sta lavorando su una macchina.
9758	Un uomo in camicia bianca sta lavorando su una macchina.
5162	Un uomo in camicia bianca sta lavorando su una macchina.
29215	Un uomo in camicia bianca sta lavorando su una macchina.
27204	Un uomo in camicia bianca sta lavorando su una macchina.
29598	Un uomo in camicia bianca sta lavorando su una macchina.
15506	Un uomo in camicia bianca sta lavorando su una macchina.
9017	Un uomo in camicia bianca sta lavorando su una macchina.
16972	Un uomo in camicia bianca sta lavorando su una macchina.
6318	Un uomo in camicia bianca sta lavorando su una macchina.
15710	Un uomo in camicia bianca sta lavorando su una macchina.
12719	Un uomo in camicia bianca sta lavorando su una macchina.
17885	Un uomo in camicia bianca sta lavorando su una macchina.
1107	Un uomo in camicia bianca sta lavorando su una macchina.
12137	Un uomo in camicia bianca sta lavorando su una macchina.
30369	Un uomo in camicia bianca sta lavorando su una macchina.
390	Un uomo in camicia bianca sta lavorando su una macchina.
14585	Un uomo in camicia bianca sta lavorando su una macchina.
20146	Un uomo in camicia bianca sta lavorando su una macchina.
17926	Un uomo in camicia bianca sta lavorando su una macchina.
24877	Un uomo in camicia bianca sta lavorando su una macchina.
18630	Un uomo in camicia bianca sta lavorando su una macchina.
10244	Un uomo in camicia bianca sta lavorando su una grande scultura di ghiaccio.
18618	Un uomo in camicia bianca sta lavorando su una macchina.
13956	Un uomo in camicia bianca sta lavorando su una macchina.
1271	Un uomo con un cappello da baseball sta lavorando ad un progetto di legno.
6278	Un uomo in camicia bianca sta lavorando su una macchina.
11827	Un uomo in camicia bianca sta lavorando su una macchina.
10291	Un uomo in camicia bianca sta lavorando su una macchina.
23868	Un uomo in camicia bianca sta lavorando su una macchina.
17267	Un uomo in camicia bianca sta lavorando su una macchina.
4486	Un uomo in camicia bianca sta lavorando su una macchina.
26253	Un uomo in camicia bianca sta lavorando su una macchina.
7414	Un uomo in camicia bianca sta lavorando su una macchina.
12684	Un uomo in camicia bianca sta lavorando su una macchina.
22747	Un uomo in camicia bianca sta lavorando su una macchina.
27171	Un uomo in camicia bianca sta lavorando su una macchina.
14222	Un uomo in camicia bianca sta lavorando su una macchina.
16353	Un uomo in camicia bianca sta lavorando su una macchina.
4860	Un uomo in camicia bianca sta lavorando su una macchina.
10078	Un uomo in camicia bianca sta lavorando su una macchina.
27987	Un uomo in camicia bianca sta lavorando su una macchina.
10871	Un uomo in camicia bianca sta lavorando su una macchina.
16541	Un uomo in camicia bianca sta lavorando su una macchina.
14430	Un uomo in camicia bianca sta lavorando su una macchina.
22182	Un uomo in camicia bianca sta lavorando su una macchina.
19882	Un uomo in camicia bianca sta lavorando su una macchina.
12280	Un uomo in camicia bianca sta lavorando su una macchina.
10497	Un uomo in camicia bianca sta lavorando su una macchina.
3510	Un uomo in camicia bianca sta lavorando su una macchina.
11945	Un uomo in camicia bianca sta lavorando su una macchina.
7979	Un uomo con un cappello da baseball sta lavorando ad un progetto di legno.
5808	Un uomo in camicia bianca sta lavorando su una macchina.
4280	Un uomo in camicia bianca sta lavorando su una macchina.
17475	Un uomo in camicia bianca sta lavorando su una macchina.
7978	Un uomo in camicia bianca sta lavorando su una macchina.
25363	Un uomo in camicia bianca sta lavorando su una macchina.
28121	Un uomo in camicia bianca sta lavorando su una macchina.
27560	Un uomo in camicia bianca sta lavorando su una macchina.
24041	Un uomo in camicia bianca sta lavorando su una macchina.
18974	Un uomo in camicia bianca sta lavorando su una macchina.
29571	Un uomo in camicia bianca sta lavorando su una macchina.
11561	Un uomo in camicia bianca sta lavorando su una macchina.
17892	Un uomo con un cappello da cowboy sta guidando un cavallo.
26483	Un uomo in camicia bianca sta lavorando su una macchina.
1892	Un uomo in camicia bianca sta lavorando su una macchina.
4054	Un uomo in camicia bianca sta lavorando su una macchina.
7575	Un uomo in camicia bianca sta lavorando su una macchina.
422	Un uomo in camicia bianca sta lavorando su una macchina.
11401	Un uomo in camicia bianca sta lavorando su una macchina.
15129	Un uomo con un cappello da baseball sta lavorando ad un progetto di legno.
16434	Un uomo in camicia bianca sta lavorando su una macchina.
20838	Un uomo con un cappello da cowboy sta guidando un cavallo.
12861	Un uomo in camicia bianca sta lavorando su una macchina.
387	Un uomo in camicia bianca sta lavorando su una macchina.
21267	Un uomo in camicia bianca sta lavorando su una macchina.
